Amplicon,Unmodified%,Modified%,Reads_in_input,Reads_aligned_all_amplicons,Reads_aligned,Unmodified,Modified,Discarded,Insertions,Deletions,Substitutions,Only Insertions,Only Deletions,Only Substitutions,Insertions and Deletions,Insertions and Substitutions,Deletions and Substitutions,Insertions Deletions and Substitutions,peg_id
Reference,84.52380952,15.47619048,84,84,84,71,13,0,0,0,13,0,0,13,0,0,0,0,pegRNA_1
HDR,,,84,84,0,0,0,0,0,0,0,0,0,0,0,0,0,0,pegRNA_1
Reference,94.15584416,5.84415584,308,308,308,290,18,0,1,4,13,1,4,13,0,0,0,0,pegRNA_2
HDR,,,308,308,0,0,0,0,0,0,0,0,0,0,0,0,0,0,pegRNA_2
Reference,87.17948718,12.82051282,39,39,39,34,5,0,1,1,4,0,1,3,0,1,0,0,pegRNA_3
HDR,,,39,39,0,0,0,0,0,0,0,0,0,0,0,0,0,0,pegRNA_3
Reference,95.12195122,4.87804878,41,41,41,39,2,0,0,0,2,0,0,2,0,0,0,0,pegRNA_4
HDR,,,41,41,0,0,0,0,0,0,0,0,0,0,0,0,0,0,pegRNA_4
Reference,91.45299145,8.54700855,123,122,117,107,10,0,2,0,8,2,0,8,0,0,0,0,pegRNA_5
HDR,80.0,20.0,123,122,5,4,1,0,1,0,1,0,0,0,0,1,0,0,pegRNA_5
Reference,88.66995074,11.33004926,502,496,406,360,46,0,7,8,38,0,1,38,7,0,0,0,pegRNA_6
HDR,23.75,76.25,502,496,80,19,61,0,40,53,53,0,1,0,7,8,20,25,pegRNA_6
Reference,89.55512573,10.44487427,653,653,517,463,54,0,13,4,37,13,4,37,0,0,0,0,pegRNA_7
HDR,95.4887218,4.5112782,653,653,133,127,6,0,0,1,5,0,1,5,0,0,0,0,pegRNA_7
Reference,89.0,11.0,101,101,100,89,11,0,4,0,7,4,0,7,0,0,0,0,pegRNA_8
HDR,100.0,0.0,101,101,1,1,0,0,0,0,0,0,0,0,0,0,0,0,pegRNA_8
Reference,95.23809524,4.76190476,63,63,63,60,3,0,0,0,3,0,0,3,0,0,0,0,pegRNA_9
HDR,,,63,63,0,0,0,0,0,0,0,0,0,0,0,0,0,0,pegRNA_9
Reference,88.88888889,11.11111111,63,63,63,56,7,0,1,0,6,1,0,6,0,0,0,0,pegRNA_10
HDR,,,63,63,0,0,0,0,0,0,0,0,0,0,0,0,0,0,pegRNA_10
Reference,57.14285714,42.85714286,11,9,7,4,3,0,0,3,2,0,1,0,0,0,2,0,pegRNA_11
HDR,50.0,50.0,11,9,2,1,1,0,1,1,1,0,0,0,0,0,0,1,pegRNA_11
Reference,85.71428571,14.28571429,165,165,161,138,23,0,2,5,16,2,5,16,0,0,0,0,pegRNA_12
HDR,66.66666667,33.33333333,165,165,3,2,1,0,0,1,0,0,1,0,0,0,0,0,pegRNA_12
Reference,0.0,100.0,18,11,11,0,11,0,0,0,11,0,0,11,0,0,0,0,pegRNA_13
HDR,,,18,11,0,0,0,0,0,0,0,0,0,0,0,0,0,0,pegRNA_13
Reference,93.80530973,6.19469027,129,129,113,106,7,0,0,2,6,0,1,5,0,0,1,0,pegRNA_14
HDR,100.0,0.0,129,129,16,16,0,0,0,0,0,0,0,0,0,0,0,0,pegRNA_14
Reference,86.48648649,13.51351351,37,37,37,32,5,0,0,0,5,0,0,5,0,0,0,0,pegRNA_15
HDR,,,37,37,0,0,0,0,0,0,0,0,0,0,0,0,0,0,pegRNA_15
Reference,89.69072165,10.30927835,192,187,97,87,10,0,5,5,7,0,0,5,3,0,0,2,pegRNA_16
HDR,83.14606742,16.85393258,192,187,89,74,15,0,0,9,6,0,9,6,0,0,0,0,pegRNA_16
Reference,95.23809524,4.76190476,118,115,63,60,3,0,0,0,3,0,0,3,0,0,0,0,pegRNA_17
HDR,86.53846154,13.46153846,118,115,52,45,7,0,3,0,4,3,0,4,0,0,0,0,pegRNA_17
Reference,93.23671498,6.76328502,310,310,207,193,14,0,0,0,14,0,0,14,0,0,0,0,pegRNA_18
HDR,93.1372549,6.8627451,310,310,102,95,7,0,0,0,7,0,0,7,0,0,0,0,pegRNA_18
Reference,78.02197802,21.97802198,97,97,91,71,20,0,4,1,15,4,1,15,0,0,0,0,pegRNA_19
HDR,100.0,0.0,97,97,6,6,0,0,0,0,0,0,0,0,0,0,0,0,pegRNA_19
Reference,89.18918919,10.81081081,37,37,37,33,4,0,0,0,4,0,0,4,0,0,0,0,pegRNA_20
HDR,,,37,37,0,0,0,0,0,0,0,0,0,0,0,0,0,0,pegRNA_20
Reference,100.0,0.0,3,3,3,3,0,0,0,0,0,0,0,0,0,0,0,0,pegRNA_21
HDR,,,3,3,0,0,0,0,0,0,0,0,0,0,0,0,0,0,pegRNA_21
Reference,96.42857143,3.57142857,36,36,28,27,1,0,0,0,1,0,0,1,0,0,0,0,pegRNA_22
HDR,100.0,0.0,36,36,8,8,0,0,0,0,0,0,0,0,0,0,0,0,pegRNA_22
Reference,100.0,0.0,2,2,2,2,0,0,0,0,0,0,0,0,0,0,0,0,pegRNA_23
HDR,,,2,2,0,0,0,0,0,0,0,0,0,0,0,0,0,0,pegRNA_23
Reference,25.0,75.0,4,4,4,1,3,0,0,0,3,0,0,3,0,0,0,0,pegRNA_24
HDR,,,4,4,0,0,0,0,0,0,0,0,0,0,0,0,0,0,pegRNA_24
Reference,88.0,12.0,25,25,25,22,3,0,0,0,3,0,0,3,0,0,0,0,pegRNA_25
HDR,,,25,25,0,0,0,0,0,0,0,0,0,0,0,0,0,0,pegRNA_25
Reference,87.5,12.5,9,9,8,7,1,0,0,0,1,0,0,1,0,0,0,0,pegRNA_26
HDR,100.0,0.0,9,9,1,1,0,0,0,0,0,0,0,0,0,0,0,0,pegRNA_26
Reference,100.0,0.0,26,22,22,22,0,0,0,0,0,0,0,0,0,0,0,0,pegRNA_27
HDR,,,26,22,0,0,0,0,0,0,0,0,0,0,0,0,0,0,pegRNA_27
Reference,0.0,100.0,1,1,1,0,1,0,0,1,0,0,1,0,0,0,0,0,pegRNA_28
HDR,,,1,1,0,0,0,0,0,0,0,0,0,0,0,0,0,0,pegRNA_28
Reference,95.12195122,4.87804878,246,246,246,234,12,0,0,0,12,0,0,12,0,0,0,0,pegRNA_29
HDR,,,246,246,0,0,0,0,0,0,0,0,0,0,0,0,0,0,pegRNA_29
Reference,96.55172414,3.44827586,88,88,87,84,3,0,0,0,3,0,0,3,0,0,0,0,pegRNA_30
HDR,100.0,0.0,88,88,1,1,0,0,0,0,0,0,0,0,0,0,0,0,pegRNA_30
Reference,100.0,0.0,3,3,3,3,0,0,0,0,0,0,0,0,0,0,0,0,pegRNA_31
HDR,,,3,3,0,0,0,0,0,0,0,0,0,0,0,0,0,0,pegRNA_31
Reference,92.5,7.5,40,40,40,37,3,0,0,0,3,0,0,3,0,0,0,0,pegRNA_32
HDR,,,40,40,0,0,0,0,0,0,0,0,0,0,0,0,0,0,pegRNA_32
Reference,100.0,0.0,12,12,12,12,0,0,0,0,0,0,0,0,0,0,0,0,pegRNA_33
HDR,,,12,12,0,0,0,0,0,0,0,0,0,0,0,0,0,0,pegRNA_33
Reference,97.77777778,2.22222222,91,91,90,88,2,0,1,0,2,0,0,1,0,1,0,0,pegRNA_34
HDR,0.0,100.0,91,91,1,0,1,0,0,0,1,0,0,1,0,0,0,0,pegRNA_34
Reference,94.44444444,5.55555556,77,72,72,68,4,0,3,0,1,3,0,1,0,0,0,0,pegRNA_35
HDR,,,77,72,0,0,0,0,0,0,0,0,0,0,0,0,0,0,pegRNA_35
Reference,93.07282416,6.92717584,568,568,563,524,39,0,0,9,31,0,8,30,0,0,1,0,pegRNA_36
HDR,,,568,568,0,0,0,0,0,0,0,0,0,0,0,0,0,0,pegRNA_36
Reference,88.66995074,11.33004926,203,203,203,180,23,0,0,1,23,0,0,22,0,0,1,0,pegRNA_37
HDR,,,203,203,0,0,0,0,0,0,0,0,0,0,0,0,0,0,pegRNA_37
Reference,90.18404908,9.81595092,176,176,163,147,16,0,0,4,12,0,4,12,0,0,0,0,pegRNA_38
HDR,91.66666667,8.33333333,176,176,12,11,1,0,0,0,1,0,0,1,0,0,0,0,pegRNA_38
Reference,89.53488372,10.46511628,262,261,258,231,27,0,2,10,20,0,7,17,0,0,1,2,pegRNA_39
HDR,100.0,0.0,262,261,3,3,0,0,0,0,0,0,0,0,0,0,0,0,pegRNA_39
Reference,85.71428571,14.28571429,58,57,49,42,7,0,0,1,6,0,1,6,0,0,0,0,pegRNA_40
HDR,37.5,62.5,58,57,8,3,5,0,2,0,3,2,0,3,0,0,0,0,pegRNA_40
Reference,94.44444444,5.55555556,92,92,90,85,5,0,0,0,5,0,0,5,0,0,0,0,pegRNA_41
HDR,100.0,0.0,92,92,2,2,0,0,0,0,0,0,0,0,0,0,0,0,pegRNA_41
Reference,100.0,0.0,39,39,37,37,0,0,0,0,0,0,0,0,0,0,0,0,pegRNA_42
HDR,100.0,0.0,39,39,2,2,0,0,0,0,0,0,0,0,0,0,0,0,pegRNA_42
Reference,100.0,0.0,42,42,42,42,0,0,0,0,0,0,0,0,0,0,0,0,pegRNA_43
HDR,,,42,42,0,0,0,0,0,0,0,0,0,0,0,0,0,0,pegRNA_43
Reference,93.77990431,6.22009569,214,214,209,196,13,0,0,8,5,0,8,5,0,0,0,0,pegRNA_44
HDR,20.0,80.0,214,214,5,1,4,0,4,0,4,0,0,0,0,4,0,0,pegRNA_44
Reference,100.0,0.0,56,56,54,54,0,0,0,0,0,0,0,0,0,0,0,0,pegRNA_45
HDR,50.0,50.0,56,56,2,1,1,0,0,0,1,0,0,1,0,0,0,0,pegRNA_45
Reference,80.73394495,19.26605505,111,111,109,88,21,0,0,4,17,0,4,17,0,0,0,0,pegRNA_46
HDR,,,111,111,0,0,0,0,0,0,0,0,0,0,0,0,0,0,pegRNA_46
Reference,93.5483871,6.4516129,31,31,31,29,2,0,0,0,2,0,0,2,0,0,0,0,pegRNA_47
HDR,,,31,31,0,0,0,0,0,0,0,0,0,0,0,0,0,0,pegRNA_47
Reference,84.7826087,15.2173913,46,46,46,39,7,0,2,0,5,2,0,5,0,0,0,0,pegRNA_48
HDR,,,46,46,0,0,0,0,0,0,0,0,0,0,0,0,0,0,pegRNA_48
Reference,90.24390244,9.75609756,164,164,164,148,16,0,3,2,11,3,2,11,0,0,0,0,pegRNA_49
HDR,,,164,164,0,0,0,0,0,0,0,0,0,0,0,0,0,0,pegRNA_49
Reference,90.27777778,9.72222222,73,73,72,65,7,0,0,0,7,0,0,7,0,0,0,0,pegRNA_50
HDR,,,73,73,0,0,0,0,0,0,0,0,0,0,0,0,0,0,pegRNA_50
Reference,100.0,0.0,18,18,17,17,0,0,0,0,0,0,0,0,0,0,0,0,pegRNA_51
HDR,100.0,0.0,18,18,1,1,0,0,0,0,0,0,0,0,0,0,0,0,pegRNA_51
Reference,88.88888889,11.11111111,9,9,9,8,1,0,1,0,0,1,0,0,0,0,0,0,pegRNA_52
HDR,,,9,9,0,0,0,0,0,0,0,0,0,0,0,0,0,0,pegRNA_52
Reference,96.77419355,3.22580645,39,31,31,30,1,0,0,0,1,0,0,1,0,0,0,0,pegRNA_53
HDR,,,39,31,0,0,0,0,0,0,0,0,0,0,0,0,0,0,pegRNA_53
Reference,100.0,0.0,7,7,5,5,0,0,0,0,0,0,0,0,0,0,0,0,pegRNA_54
HDR,100.0,0.0,7,7,2,2,0,0,0,0,0,0,0,0,0,0,0,0,pegRNA_54
Reference,94.11764706,5.88235294,17,17,17,16,1,0,0,0,1,0,0,1,0,0,0,0,pegRNA_55
HDR,,,17,17,0,0,0,0,0,0,0,0,0,0,0,0,0,0,pegRNA_55
Reference,81.13207547,18.86792453,53,53,53,43,10,0,0,4,6,0,4,6,0,0,0,0,pegRNA_56
HDR,,,53,53,0,0,0,0,0,0,0,0,0,0,0,0,0,0,pegRNA_56
Reference,88.0,12.0,50,50,50,44,6,0,0,0,6,0,0,6,0,0,0,0,pegRNA_57
HDR,,,50,50,0,0,0,0,0,0,0,0,0,0,0,0,0,0,pegRNA_57
Reference,91.90751445,8.09248555,186,174,173,159,14,0,2,2,12,0,2,10,0,2,0,0,pegRNA_58
HDR,100.0,0.0,186,174,1,1,0,0,0,0,0,0,0,0,0,0,0,0,pegRNA_58
Reference,90.76923077,9.23076923,67,67,65,59,6,0,1,0,6,0,0,5,0,1,0,0,pegRNA_59
HDR,100.0,0.0,67,67,2,2,0,0,0,0,0,0,0,0,0,0,0,0,pegRNA_59
Reference,90.0,10.0,20,20,20,18,2,0,0,0,2,0,0,2,0,0,0,0,pegRNA_60
HDR,,,20,20,0,0,0,0,0,0,0,0,0,0,0,0,0,0,pegRNA_60
Reference,53.33333333,46.66666667,49,41,15,8,7,0,0,7,0,0,7,0,0,0,0,0,pegRNA_61
HDR,36.84210526,63.15789474,49,41,19,7,12,0,3,9,8,0,4,1,0,2,4,1,pegRNA_61
Reference,75.0,25.0,37,37,8,6,2,0,0,2,0,0,2,0,0,0,0,0,pegRNA_62
HDR,72.0,28.0,37,37,25,18,7,0,5,6,7,0,0,0,0,1,2,4,pegRNA_62
Reference,65.0,35.0,41,38,20,13,7,0,0,5,2,0,5,2,0,0,0,0,pegRNA_63
HDR,60.0,40.0,41,38,15,9,6,0,2,5,4,0,0,1,2,0,3,0,pegRNA_63
Reference,90.90909091,9.09090909,77,77,77,70,7,0,1,3,3,1,3,3,0,0,0,0,pegRNA_64
HDR,,,77,77,0,0,0,0,0,0,0,0,0,0,0,0,0,0,pegRNA_64
Reference,87.69716088,12.30283912,483,483,317,278,39,0,3,14,22,3,14,22,0,0,0,0,pegRNA_65
HDR,91.56626506,8.43373494,483,483,166,152,14,0,0,1,13,0,1,13,0,0,0,0,pegRNA_65
Reference,100.0,0.0,17,8,3,3,0,0,0,0,0,0,0,0,0,0,0,0,pegRNA_66
HDR,60.0,40.0,17,8,5,3,2,0,1,2,0,0,1,0,1,0,0,0,pegRNA_66
Reference,92.03539823,7.96460177,174,174,113,104,9,0,0,0,9,0,0,9,0,0,0,0,pegRNA_67
HDR,95.08196721,4.91803279,174,174,61,58,3,0,0,0,3,0,0,3,0,0,0,0,pegRNA_67
Reference,90.32258065,9.67741935,168,168,155,140,15,0,6,6,8,2,2,7,3,0,0,1,pegRNA_68
HDR,92.30769231,7.69230769,168,168,13,12,1,0,0,0,1,0,0,1,0,0,0,0,pegRNA_68
Reference,22.22222222,77.77777778,12,9,9,2,7,0,1,5,1,1,5,1,0,0,0,0,pegRNA_69
HDR,,,12,9,0,0,0,0,0,0,0,0,0,0,0,0,0,0,pegRNA_69
Reference,87.5,12.5,32,32,32,28,4,0,0,0,4,0,0,4,0,0,0,0,pegRNA_70
HDR,,,32,32,0,0,0,0,0,0,0,0,0,0,0,0,0,0,pegRNA_70
Reference,91.66666667,8.33333333,12,12,12,11,1,0,0,0,1,0,0,1,0,0,0,0,pegRNA_71
HDR,,,12,12,0,0,0,0,0,0,0,0,0,0,0,0,0,0,pegRNA_71
Reference,100.0,0.0,5,5,5,5,0,0,0,0,0,0,0,0,0,0,0,0,pegRNA_72
HDR,,,5,5,0,0,0,0,0,0,0,0,0,0,0,0,0,0,pegRNA_72
Reference,96.55172414,3.44827586,58,58,58,56,2,0,0,0,2,0,0,2,0,0,0,0,pegRNA_73
HDR,,,58,58,0,0,0,0,0,0,0,0,0,0,0,0,0,0,pegRNA_73
Reference,80.95238095,19.04761905,84,84,84,68,16,0,0,10,6,0,10,6,0,0,0,0,pegRNA_74
HDR,,,84,84,0,0,0,0,0,0,0,0,0,0,0,0,0,0,pegRNA_74
Reference,94.30051813,5.69948187,198,198,193,182,11,0,0,0,11,0,0,11,0,0,0,0,pegRNA_75
HDR,100.0,0.0,198,198,5,5,0,0,0,0,0,0,0,0,0,0,0,0,pegRNA_75
Reference,94.70588235,5.29411765,183,183,170,161,9,0,0,0,9,0,0,9,0,0,0,0,pegRNA_76
HDR,100.0,0.0,183,183,9,9,0,0,0,0,0,0,0,0,0,0,0,0,pegRNA_76
Reference,89.0052356,10.9947644,202,202,191,170,21,0,1,0,20,1,0,20,0,0,0,0,pegRNA_77
HDR,72.72727273,27.27272727,202,202,11,8,3,0,0,0,3,0,0,3,0,0,0,0,pegRNA_77
Reference,98.46153846,1.53846154,65,65,65,64,1,0,0,0,1,0,0,1,0,0,0,0,pegRNA_78
HDR,,,65,65,0,0,0,0,0,0,0,0,0,0,0,0,0,0,pegRNA_78
Reference,88.05031447,11.94968553,332,332,318,280,38,0,0,1,37,0,1,37,0,0,0,0,pegRNA_79
HDR,92.30769231,7.69230769,332,332,13,12,1,0,0,1,0,0,1,0,0,0,0,0,pegRNA_79
Reference,98.11320755,1.88679245,108,108,106,104,2,0,0,0,2,0,0,2,0,0,0,0,pegRNA_80
HDR,100.0,0.0,108,108,2,2,0,0,0,0,0,0,0,0,0,0,0,0,pegRNA_80
Reference,91.90751445,8.09248555,200,200,173,159,14,0,0,10,4,0,10,4,0,0,0,0,pegRNA_81
HDR,96.2962963,3.7037037,200,200,27,26,1,0,0,0,1,0,0,1,0,0,0,0,pegRNA_81
Reference,78.66666667,21.33333333,86,86,75,59,16,0,0,0,16,0,0,16,0,0,0,0,pegRNA_82
HDR,100.0,0.0,86,86,9,9,0,0,0,0,0,0,0,0,0,0,0,0,pegRNA_82
Reference,97.22222222,2.77777778,36,36,36,35,1,0,0,0,1,0,0,1,0,0,0,0,pegRNA_83
HDR,,,36,36,0,0,0,0,0,0,0,0,0,0,0,0,0,0,pegRNA_83
Reference,98.66666667,1.33333333,75,75,75,74,1,0,1,0,1,0,0,0,0,1,0,0,pegRNA_84
HDR,,,75,75,0,0,0,0,0,0,0,0,0,0,0,0,0,0,pegRNA_84
Reference,90.39548023,9.60451977,182,182,177,160,17,0,0,1,16,0,1,16,0,0,0,0,pegRNA_85
HDR,100.0,0.0,182,182,5,5,0,0,0,0,0,0,0,0,0,0,0,0,pegRNA_85
Reference,90.36144578,9.63855422,84,84,83,75,8,0,0,0,8,0,0,8,0,0,0,0,pegRNA_86
HDR,100.0,0.0,84,84,1,1,0,0,0,0,0,0,0,0,0,0,0,0,pegRNA_86
Reference,83.82352941,16.17647059,69,69,68,57,11,0,2,0,9,2,0,9,0,0,0,0,pegRNA_87
HDR,0.0,100.0,69,69,1,0,1,0,1,1,1,0,0,0,0,0,0,1,pegRNA_87
Reference,92.03539823,7.96460177,228,228,226,208,18,0,7,5,11,3,1,10,3,0,0,1,pegRNA_88
HDR,,,228,228,0,0,0,0,0,0,0,0,0,0,0,0,0,0,pegRNA_88
Reference,66.66666667,33.33333333,3,3,3,2,1,0,1,0,0,1,0,0,0,0,0,0,pegRNA_89
HDR,,,3,3,0,0,0,0,0,0,0,0,0,0,0,0,0,0,pegRNA_89
Reference,96.77419355,3.22580645,62,62,31,30,1,0,0,0,1,0,0,1,0,0,0,0,pegRNA_90
HDR,80.64516129,19.35483871,62,62,31,25,6,0,0,0,6,0,0,6,0,0,0,0,pegRNA_90
Reference,93.84057971,6.15942029,770,760,552,518,34,0,0,0,34,0,0,34,0,0,0,0,pegRNA_91
HDR,91.17647059,8.82352941,770,760,204,186,18,0,0,1,17,0,1,17,0,0,0,0,pegRNA_91
Reference,86.32478632,13.67521368,119,119,117,101,16,0,0,2,14,0,2,14,0,0,0,0,pegRNA_92
HDR,100.0,0.0,119,119,2,2,0,0,0,0,0,0,0,0,0,0,0,0,pegRNA_92
Reference,86.36363636,13.63636364,112,112,110,95,15,0,0,2,13,0,2,13,0,0,0,0,pegRNA_93
HDR,100.0,0.0,112,112,2,2,0,0,0,0,0,0,0,0,0,0,0,0,pegRNA_93
Reference,92.30769231,7.69230769,39,39,39,36,3,0,0,0,3,0,0,3,0,0,0,0,pegRNA_94
HDR,,,39,39,0,0,0,0,0,0,0,0,0,0,0,0,0,0,pegRNA_94
Reference,0.0,0.0,0,0,0,0,0,0,0,0,0,0,0,0,0,0,0,0,pegRNA_95
HDR,0.0,0.0,0,0,0,0,0,0,0,0,0,0,0,0,0,0,0,0,pegRNA_95
Reference,84.05797101,15.94202899,69,69,69,58,11,0,0,0,11,0,0,11,0,0,0,0,pegRNA_96
HDR,,,69,69,0,0,0,0,0,0,0,0,0,0,0,0,0,0,pegRNA_96
Reference,100.0,0.0,14,14,9,9,0,0,0,0,0,0,0,0,0,0,0,0,pegRNA_97
HDR,100.0,0.0,14,14,3,3,0,0,0,0,0,0,0,0,0,0,0,0,pegRNA_97
Reference,0.0,100.0,3,3,3,0,3,0,0,3,0,0,3,0,0,0,0,0,pegRNA_98
HDR,,,3,3,0,0,0,0,0,0,0,0,0,0,0,0,0,0,pegRNA_98
Reference,98.5915493,1.4084507,142,142,142,140,2,0,0,1,1,0,1,1,0,0,0,0,pegRNA_99
HDR,,,142,142,0,0,0,0,0,0,0,0,0,0,0,0,0,0,pegRNA_99
Reference,54.54545455,45.45454545,11,11,11,6,5,0,0,3,2,0,3,2,0,0,0,0,pegRNA_100
HDR,,,11,11,0,0,0,0,0,0,0,0,0,0,0,0,0,0,pegRNA_100
Reference,90.81632653,9.18367347,197,197,196,178,18,0,0,0,18,0,0,18,0,0,0,0,pegRNA_101
HDR,,,197,197,0,0,0,0,0,0,0,0,0,0,0,0,0,0,pegRNA_101
Reference,92.59259259,7.40740741,83,81,81,75,6,0,0,0,6,0,0,6,0,0,0,0,pegRNA_102
HDR,,,83,81,0,0,0,0,0,0,0,0,0,0,0,0,0,0,pegRNA_102
Reference,87.87878788,12.12121212,203,199,198,174,24,0,0,5,19,0,5,19,0,0,0,0,pegRNA_103
HDR,,,203,199,0,0,0,0,0,0,0,0,0,0,0,0,0,0,pegRNA_103
Reference,87.36842105,12.63157895,96,96,95,83,12,0,0,0,12,0,0,12,0,0,0,0,pegRNA_104
HDR,,,96,96,0,0,0,0,0,0,0,0,0,0,0,0,0,0,pegRNA_104
Reference,89.33333333,10.66666667,75,75,75,67,8,0,0,0,8,0,0,8,0,0,0,0,pegRNA_105
HDR,,,75,75,0,0,0,0,0,0,0,0,0,0,0,0,0,0,pegRNA_105
Reference,92.85714286,7.14285714,31,31,28,26,2,0,0,0,2,0,0,2,0,0,0,0,pegRNA_106
HDR,100.0,0.0,31,31,3,3,0,0,0,0,0,0,0,0,0,0,0,0,pegRNA_106
Reference,95.6043956,4.3956044,99,99,91,87,4,0,0,0,4,0,0,4,0,0,0,0,pegRNA_107
HDR,25.0,75.0,99,99,8,2,6,0,2,6,2,0,4,0,0,0,0,2,pegRNA_107
Reference,100.0,0.0,13,13,13,13,0,0,0,0,0,0,0,0,0,0,0,0,pegRNA_108
HDR,,,13,13,0,0,0,0,0,0,0,0,0,0,0,0,0,0,pegRNA_108
Reference,90.0,10.0,127,127,120,108,12,0,0,4,8,0,4,8,0,0,0,0,pegRNA_109
HDR,100.0,0.0,127,127,7,7,0,0,0,0,0,0,0,0,0,0,0,0,pegRNA_109
Reference,95.0,5.0,66,66,60,57,3,0,0,0,3,0,0,3,0,0,0,0,pegRNA_110
HDR,,,66,66,0,0,0,0,0,0,0,0,0,0,0,0,0,0,pegRNA_110
Reference,90.0,10.0,103,103,100,90,10,0,4,0,6,4,0,6,0,0,0,0,pegRNA_111
HDR,100.0,0.0,103,103,2,2,0,0,0,0,0,0,0,0,0,0,0,0,pegRNA_111
Reference,94.7826087,5.2173913,119,119,115,109,6,0,0,0,6,0,0,6,0,0,0,0,pegRNA_112
HDR,100.0,0.0,119,119,4,4,0,0,0,0,0,0,0,0,0,0,0,0,pegRNA_112
Reference,91.11969112,8.88030888,277,277,259,236,23,0,4,9,11,4,8,10,0,0,1,0,pegRNA_113
HDR,73.33333333,26.66666667,277,277,15,11,4,0,4,3,4,0,0,0,0,1,0,3,pegRNA_113
Reference,91.10671937,8.89328063,564,564,506,461,45,0,3,16,26,3,16,26,0,0,0,0,pegRNA_114
HDR,96.49122807,3.50877193,564,564,57,55,2,0,0,0,2,0,0,2,0,0,0,0,pegRNA_114
Reference,100.0,0.0,3,3,3,3,0,0,0,0,0,0,0,0,0,0,0,0,pegRNA_115
HDR,,,3,3,0,0,0,0,0,0,0,0,0,0,0,0,0,0,pegRNA_115
Reference,97.11538462,2.88461538,104,104,104,101,3,0,0,1,2,0,1,2,0,0,0,0,pegRNA_116
HDR,,,104,104,0,0,0,0,0,0,0,0,0,0,0,0,0,0,pegRNA_116
Reference,85.36585366,14.63414634,44,44,41,35,6,0,1,1,4,1,1,4,0,0,0,0,pegRNA_117
HDR,100.0,0.0,44,44,3,3,0,0,0,0,0,0,0,0,0,0,0,0,pegRNA_117
Reference,94.44444444,5.55555556,18,18,18,17,1,0,0,0,1,0,0,1,0,0,0,0,pegRNA_118
HDR,,,18,18,0,0,0,0,0,0,0,0,0,0,0,0,0,0,pegRNA_118
Reference,91.52542373,8.47457627,59,59,59,54,5,0,0,1,4,0,1,4,0,0,0,0,pegRNA_119
HDR,,,59,59,0,0,0,0,0,0,0,0,0,0,0,0,0,0,pegRNA_119
Reference,89.14285714,10.85714286,177,177,175,156,19,0,0,0,19,0,0,19,0,0,0,0,pegRNA_120
HDR,100.0,0.0,177,177,2,2,0,0,0,0,0,0,0,0,0,0,0,0,pegRNA_120
Reference,87.93103448,12.06896552,58,58,58,51,7,0,0,0,7,0,0,7,0,0,0,0,pegRNA_121
HDR,,,58,58,0,0,0,0,0,0,0,0,0,0,0,0,0,0,pegRNA_121
Reference,93.70709382,6.29290618,1075,1075,874,819,55,0,0,6,49,0,6,49,0,0,0,0,pegRNA_122
HDR,94.52736318,5.47263682,1075,1075,201,190,11,0,0,0,11,0,0,11,0,0,0,0,pegRNA_122
Reference,88.13559322,11.86440678,118,118,118,104,14,0,0,0,14,0,0,14,0,0,0,0,pegRNA_123
HDR,,,118,118,0,0,0,0,0,0,0,0,0,0,0,0,0,0,pegRNA_123
Reference,91.45607702,8.54392298,879,879,831,760,71,0,0,2,69,0,2,69,0,0,0,0,pegRNA_124
HDR,93.61702128,6.38297872,879,879,47,44,3,0,0,0,3,0,0,3,0,0,0,0,pegRNA_124
Reference,92.85714286,7.14285714,527,527,518,481,37,0,0,9,28,0,9,28,0,0,0,0,pegRNA_125
HDR,,,527,527,0,0,0,0,0,0,0,0,0,0,0,0,0,0,pegRNA_125
Reference,92.71523179,7.28476821,321,314,302,280,22,0,7,6,13,4,3,11,2,1,1,0,pegRNA_126
HDR,25.0,75.0,321,314,12,3,9,0,0,8,3,0,6,1,0,0,2,0,pegRNA_126
Reference,81.66666667,18.33333333,149,148,120,98,22,0,9,3,10,9,3,10,0,0,0,0,pegRNA_127
HDR,68.75,31.25,149,148,16,11,5,0,2,2,5,0,0,3,0,0,0,2,pegRNA_127
Reference,96.42857143,3.57142857,42,36,28,27,1,0,0,0,1,0,0,1,0,0,0,0,pegRNA_128
HDR,100.0,0.0,42,36,8,8,0,0,0,0,0,0,0,0,0,0,0,0,pegRNA_128
Reference,86.66666667,13.33333333,108,108,105,91,14,0,0,0,14,0,0,14,0,0,0,0,pegRNA_129
HDR,100.0,0.0,108,108,3,3,0,0,0,0,0,0,0,0,0,0,0,0,pegRNA_129
Reference,100.0,0.0,18,18,18,18,0,0,0,0,0,0,0,0,0,0,0,0,pegRNA_130
HDR,,,18,18,0,0,0,0,0,0,0,0,0,0,0,0,0,0,pegRNA_130
Reference,91.79331307,8.20668693,329,329,329,302,27,0,0,1,26,0,1,26,0,0,0,0,pegRNA_131
HDR,,,329,329,0,0,0,0,0,0,0,0,0,0,0,0,0,0,pegRNA_131
Reference,88.1097561,11.8902439,329,329,328,289,39,0,0,2,38,0,1,37,0,0,1,0,pegRNA_132
HDR,100.0,0.0,329,329,1,1,0,0,0,0,0,0,0,0,0,0,0,0,pegRNA_132
Reference,85.50295858,14.49704142,349,349,338,289,49,0,0,2,48,0,1,47,0,0,1,0,pegRNA_133
HDR,100.0,0.0,349,349,9,9,0,0,0,0,0,0,0,0,0,0,0,0,pegRNA_133
Reference,93.71980676,6.28019324,208,208,207,194,13,0,0,0,13,0,0,13,0,0,0,0,pegRNA_134
HDR,100.0,0.0,208,208,1,1,0,0,0,0,0,0,0,0,0,0,0,0,pegRNA_134
Reference,94.73684211,5.26315789,171,171,171,162,9,0,0,0,9,0,0,9,0,0,0,0,pegRNA_135
HDR,,,171,171,0,0,0,0,0,0,0,0,0,0,0,0,0,0,pegRNA_135
Reference,66.66666667,33.33333333,6,6,6,4,2,0,0,0,2,0,0,2,0,0,0,0,pegRNA_136
HDR,,,6,6,0,0,0,0,0,0,0,0,0,0,0,0,0,0,pegRNA_136
Reference,83.33333333,16.66666667,8,6,6,5,1,0,0,0,1,0,0,1,0,0,0,0,pegRNA_137
HDR,,,8,6,0,0,0,0,0,0,0,0,0,0,0,0,0,0,pegRNA_137
Reference,90.90909091,9.09090909,22,22,22,20,2,0,1,0,1,1,0,1,0,0,0,0,pegRNA_138
HDR,,,22,22,0,0,0,0,0,0,0,0,0,0,0,0,0,0,pegRNA_138
Reference,100.0,0.0,3,3,3,3,0,0,0,0,0,0,0,0,0,0,0,0,pegRNA_139
HDR,,,3,3,0,0,0,0,0,0,0,0,0,0,0,0,0,0,pegRNA_139
Reference,50.0,50.0,4,4,4,2,2,0,0,2,0,0,2,0,0,0,0,0,pegRNA_140
HDR,,,4,4,0,0,0,0,0,0,0,0,0,0,0,0,0,0,pegRNA_140
Reference,91.07142857,8.92857143,56,56,56,51,5,0,0,0,5,0,0,5,0,0,0,0,pegRNA_141
HDR,,,56,56,0,0,0,0,0,0,0,0,0,0,0,0,0,0,pegRNA_141
Reference,90.90909091,9.09090909,19,17,11,10,1,0,0,0,1,0,0,1,0,0,0,0,pegRNA_142
HDR,100.0,0.0,19,17,6,6,0,0,0,0,0,0,0,0,0,0,0,0,pegRNA_142
Reference,94.64285714,5.35714286,168,168,168,159,9,0,0,3,6,0,3,6,0,0,0,0,pegRNA_143
HDR,,,168,168,0,0,0,0,0,0,0,0,0,0,0,0,0,0,pegRNA_143
Reference,95.23809524,4.76190476,21,21,21,20,1,0,0,0,1,0,0,1,0,0,0,0,pegRNA_144
HDR,,,21,21,0,0,0,0,0,0,0,0,0,0,0,0,0,0,pegRNA_144
Reference,93.33333333,6.66666667,29,29,15,14,1,0,0,0,1,0,0,1,0,0,0,0,pegRNA_145
HDR,100.0,0.0,29,29,14,14,0,0,0,0,0,0,0,0,0,0,0,0,pegRNA_145
Reference,93.36905559,6.63094441,1559,1559,1493,1394,99,0,3,18,80,2,17,78,0,1,1,0,pegRNA_146
HDR,93.93939394,6.06060606,1559,1559,66,62,4,0,0,0,4,0,0,4,0,0,0,0,pegRNA_146
Reference,93.0820996,6.9179004,3889,3889,3715,3458,257,0,27,27,204,26,27,203,0,1,0,0,pegRNA_147
HDR,84.90566038,15.09433962,3889,3889,159,135,24,0,18,0,18,6,0,6,0,12,0,0,pegRNA_147
Reference,88.88888889,11.11111111,9,9,9,8,1,0,0,0,1,0,0,1,0,0,0,0,pegRNA_148
HDR,,,9,9,0,0,0,0,0,0,0,0,0,0,0,0,0,0,pegRNA_148
Reference,92.75488069,7.24511931,2357,2352,2305,2138,167,0,37,23,115,29,15,115,8,0,0,0,pegRNA_149
HDR,90.24390244,9.75609756,2357,2352,41,37,4,0,0,1,3,0,1,3,0,0,0,0,pegRNA_149
Reference,92.05673759,7.94326241,2914,2914,2820,2596,224,0,35,47,165,17,27,158,15,2,4,1,pegRNA_150
HDR,86.41975309,13.58024691,2914,2914,81,70,11,0,0,1,10,0,1,10,0,0,0,0,pegRNA_150
Reference,100.0,0.0,3,3,3,3,0,0,0,0,0,0,0,0,0,0,0,0,pegRNA_151
HDR,,,3,3,0,0,0,0,0,0,0,0,0,0,0,0,0,0,pegRNA_151
Reference,100.0,0.0,4,4,4,4,0,0,0,0,0,0,0,0,0,0,0,0,pegRNA_152
HDR,,,4,4,0,0,0,0,0,0,0,0,0,0,0,0,0,0,pegRNA_152
Reference,0.0,100.0,1,1,1,0,1,0,0,0,1,0,0,1,0,0,0,0,pegRNA_153
HDR,,,1,1,0,0,0,0,0,0,0,0,0,0,0,0,0,0,pegRNA_153
Reference,97.4025974,2.5974026,77,77,77,75,2,0,0,0,2,0,0,2,0,0,0,0,pegRNA_154
HDR,,,77,77,0,0,0,0,0,0,0,0,0,0,0,0,0,0,pegRNA_154
Reference,90.0,10.0,11,11,10,9,1,0,0,0,1,0,0,1,0,0,0,0,pegRNA_155
HDR,100.0,0.0,11,11,1,1,0,0,0,0,0,0,0,0,0,0,0,0,pegRNA_155
Reference,83.42245989,16.57754011,697,697,561,468,93,0,0,18,75,0,18,75,0,0,0,0,pegRNA_156
HDR,90.97744361,9.02255639,697,697,133,121,12,0,0,0,12,0,0,12,0,0,0,0,pegRNA_156
Reference,90.5775076,9.4224924,1024,1024,658,596,62,0,0,11,51,0,11,51,0,0,0,0,pegRNA_157
HDR,95.78313253,4.21686747,1024,1024,332,318,14,0,0,1,13,0,1,13,0,0,0,0,pegRNA_157
Reference,86.34146341,13.65853659,954,954,615,531,84,0,24,8,60,16,0,60,8,0,0,0,pegRNA_158
HDR,93.11377246,6.88622754,954,954,334,311,23,0,0,3,20,0,3,20,0,0,0,0,pegRNA_158
Reference,87.92270531,12.07729469,249,249,207,182,25,0,4,5,21,0,1,20,3,0,0,1,pegRNA_159
HDR,90.47619048,9.52380952,249,249,42,38,4,0,2,0,2,2,0,2,0,0,0,0,pegRNA_159
Reference,100.0,0.0,9,9,9,9,0,0,0,0,0,0,0,0,0,0,0,0,pegRNA_160
HDR,,,9,9,0,0,0,0,0,0,0,0,0,0,0,0,0,0,pegRNA_160
Reference,71.42857143,28.57142857,21,21,21,15,6,0,0,0,6,0,0,6,0,0,0,0,pegRNA_161
HDR,,,21,21,0,0,0,0,0,0,0,0,0,0,0,0,0,0,pegRNA_161
Reference,96.66666667,3.33333333,31,31,30,29,1,0,0,0,1,0,0,1,0,0,0,0,pegRNA_162
HDR,100.0,0.0,31,31,1,1,0,0,0,0,0,0,0,0,0,0,0,0,pegRNA_162
Reference,91.54929577,8.45070423,71,71,71,65,6,0,0,0,6,0,0,6,0,0,0,0,pegRNA_163
HDR,,,71,71,0,0,0,0,0,0,0,0,0,0,0,0,0,0,pegRNA_163
Reference,87.5,12.5,8,8,8,7,1,0,0,1,0,0,1,0,0,0,0,0,pegRNA_164
HDR,,,8,8,0,0,0,0,0,0,0,0,0,0,0,0,0,0,pegRNA_164
Reference,66.66666667,33.33333333,5,4,3,2,1,0,0,0,1,0,0,1,0,0,0,0,pegRNA_165
HDR,,,5,4,0,0,0,0,0,0,0,0,0,0,0,0,0,0,pegRNA_165
Reference,92.81437126,7.18562874,342,337,334,310,24,0,0,0,24,0,0,24,0,0,0,0,pegRNA_166
HDR,,,342,337,0,0,0,0,0,0,0,0,0,0,0,0,0,0,pegRNA_166
Reference,86.79245283,13.20754717,188,188,159,138,21,0,0,0,21,0,0,21,0,0,0,0,pegRNA_167
HDR,68.96551724,31.03448276,188,188,29,20,9,0,9,0,2,7,0,0,0,2,0,0,pegRNA_167
Reference,94.28571429,5.71428571,41,39,35,33,2,0,0,0,2,0,0,2,0,0,0,0,pegRNA_168
HDR,100.0,0.0,41,39,4,4,0,0,0,0,0,0,0,0,0,0,0,0,pegRNA_168
Reference,81.81818182,18.18181818,26,26,11,9,2,0,2,0,0,2,0,0,0,0,0,0,pegRNA_169
HDR,93.33333333,6.66666667,26,26,15,14,1,0,0,0,1,0,0,1,0,0,0,0,pegRNA_169
Reference,87.87878788,12.12121212,107,107,99,87,12,0,0,0,12,0,0,12,0,0,0,0,pegRNA_170
HDR,100.0,0.0,107,107,7,7,0,0,0,0,0,0,0,0,0,0,0,0,pegRNA_170
Reference,90.84507042,9.15492958,146,146,142,129,13,0,3,2,11,0,2,8,0,3,0,0,pegRNA_171
HDR,50.0,50.0,146,146,4,2,2,0,0,1,2,0,0,1,0,0,1,0,pegRNA_171
Reference,93.01310044,6.98689956,237,237,229,213,16,0,0,0,16,0,0,16,0,0,0,0,pegRNA_172
HDR,100.0,0.0,237,237,8,8,0,0,0,0,0,0,0,0,0,0,0,0,pegRNA_172
Reference,93.02325581,6.97674419,90,90,86,80,6,0,0,1,5,0,1,5,0,0,0,0,pegRNA_173
HDR,75.0,25.0,90,90,4,3,1,0,0,1,0,0,1,0,0,0,0,0,pegRNA_173
Reference,100.0,0.0,3,3,3,3,0,0,0,0,0,0,0,0,0,0,0,0,pegRNA_174
HDR,,,3,3,0,0,0,0,0,0,0,0,0,0,0,0,0,0,pegRNA_174
Reference,92.44712991,7.55287009,336,336,331,306,25,0,0,2,23,0,2,23,0,0,0,0,pegRNA_175
HDR,100.0,0.0,336,336,3,3,0,0,0,0,0,0,0,0,0,0,0,0,pegRNA_175
Reference,100.0,0.0,9,9,9,9,0,0,0,0,0,0,0,0,0,0,0,0,pegRNA_176
HDR,,,9,9,0,0,0,0,0,0,0,0,0,0,0,0,0,0,pegRNA_176
Reference,98.11320755,1.88679245,53,53,53,52,1,0,0,0,1,0,0,1,0,0,0,0,pegRNA_177
HDR,,,53,53,0,0,0,0,0,0,0,0,0,0,0,0,0,0,pegRNA_177
Reference,0.0,0.0,0,0,0,0,0,0,0,0,0,0,0,0,0,0,0,0,pegRNA_178
HDR,0.0,0.0,0,0,0,0,0,0,0,0,0,0,0,0,0,0,0,0,pegRNA_178
Reference,100.0,0.0,14,14,11,11,0,0,0,0,0,0,0,0,0,0,0,0,pegRNA_179
HDR,100.0,0.0,14,14,3,3,0,0,0,0,0,0,0,0,0,0,0,0,pegRNA_179
Reference,100.0,0.0,4,4,4,4,0,0,0,0,0,0,0,0,0,0,0,0,pegRNA_180
HDR,,,4,4,0,0,0,0,0,0,0,0,0,0,0,0,0,0,pegRNA_180
Reference,98.21428571,1.78571429,56,56,56,55,1,0,0,1,0,0,1,0,0,0,0,0,pegRNA_181
HDR,,,56,56,0,0,0,0,0,0,0,0,0,0,0,0,0,0,pegRNA_181
Reference,89.8989899,10.1010101,99,99,99,89,10,0,2,2,8,0,0,8,2,0,0,0,pegRNA_182
HDR,,,99,99,0,0,0,0,0,0,0,0,0,0,0,0,0,0,pegRNA_182
Reference,91.07142857,8.92857143,112,112,112,102,10,0,0,0,10,0,0,10,0,0,0,0,pegRNA_183
HDR,,,112,112,0,0,0,0,0,0,0,0,0,0,0,0,0,0,pegRNA_183
Reference,91.4893617,8.5106383,94,94,94,86,8,0,0,1,7,0,1,7,0,0,0,0,pegRNA_184
HDR,,,94,94,0,0,0,0,0,0,0,0,0,0,0,0,0,0,pegRNA_184
Reference,92.0,8.0,312,312,300,276,24,0,3,0,22,2,0,21,0,1,0,0,pegRNA_185
HDR,0.0,100.0,312,312,12,0,12,0,0,12,0,0,12,0,0,0,0,0,pegRNA_185
Reference,94.28571429,5.71428571,71,71,70,66,4,0,1,0,3,1,0,3,0,0,0,0,pegRNA_186
HDR,0.0,100.0,71,71,1,0,1,0,0,0,1,0,0,1,0,0,0,0,pegRNA_186
Reference,80.70175439,19.29824561,115,115,114,92,22,0,0,6,16,0,6,16,0,0,0,0,pegRNA_187
HDR,100.0,0.0,115,115,1,1,0,0,0,0,0,0,0,0,0,0,0,0,pegRNA_187
Reference,87.5,12.5,24,24,16,14,2,0,0,1,1,0,1,1,0,0,0,0,pegRNA_188
HDR,87.5,12.5,24,24,8,7,1,0,0,0,1,0,0,1,0,0,0,0,pegRNA_188
Reference,36.84210526,63.15789474,31,31,19,7,12,0,0,11,10,0,2,1,0,0,9,0,pegRNA_189
HDR,81.81818182,18.18181818,31,31,11,9,2,0,0,0,2,0,0,2,0,0,0,0,pegRNA_189
Reference,91.86046512,8.13953488,93,93,86,79,7,0,0,0,7,0,0,7,0,0,0,0,pegRNA_190
HDR,100.0,0.0,93,93,2,2,0,0,0,0,0,0,0,0,0,0,0,0,pegRNA_190
Reference,94.44444444,5.55555556,18,18,18,17,1,0,0,0,1,0,0,1,0,0,0,0,pegRNA_191
HDR,,,18,18,0,0,0,0,0,0,0,0,0,0,0,0,0,0,pegRNA_191
Reference,100.0,0.0,17,17,17,17,0,0,0,0,0,0,0,0,0,0,0,0,pegRNA_192
HDR,,,17,17,0,0,0,0,0,0,0,0,0,0,0,0,0,0,pegRNA_192
Reference,89.18918919,10.81081081,37,37,37,33,4,0,0,2,2,0,2,2,0,0,0,0,pegRNA_193
HDR,,,37,37,0,0,0,0,0,0,0,0,0,0,0,0,0,0,pegRNA_193
Reference,78.57142857,21.42857143,46,42,42,33,9,0,0,2,7,0,2,7,0,0,0,0,pegRNA_194
HDR,,,46,42,0,0,0,0,0,0,0,0,0,0,0,0,0,0,pegRNA_194
Reference,95.57522124,4.42477876,246,246,226,216,10,0,6,0,5,5,0,4,0,1,0,0,pegRNA_195
HDR,100.0,0.0,246,246,18,18,0,0,0,0,0,0,0,0,0,0,0,0,pegRNA_195
Reference,76.31578947,23.68421053,40,40,38,29,9,0,3,1,5,3,1,5,0,0,0,0,pegRNA_196
HDR,100.0,0.0,40,40,2,2,0,0,0,0,0,0,0,0,0,0,0,0,pegRNA_196
Reference,80.0,20.0,5,5,5,4,1,0,0,0,1,0,0,1,0,0,0,0,pegRNA_197
HDR,,,5,5,0,0,0,0,0,0,0,0,0,0,0,0,0,0,pegRNA_197
Reference,100.0,0.0,3,3,3,3,0,0,0,0,0,0,0,0,0,0,0,0,pegRNA_198
HDR,,,3,3,0,0,0,0,0,0,0,0,0,0,0,0,0,0,pegRNA_198
Reference,70.58823529,29.41176471,17,17,17,12,5,0,0,0,5,0,0,5,0,0,0,0,pegRNA_199
HDR,,,17,17,0,0,0,0,0,0,0,0,0,0,0,0,0,0,pegRNA_199
Reference,66.66666667,33.33333333,3,3,3,2,1,0,0,0,1,0,0,1,0,0,0,0,pegRNA_200
HDR,,,3,3,0,0,0,0,0,0,0,0,0,0,0,0,0,0,pegRNA_200
Reference,96.80851064,3.19148936,98,98,94,91,3,0,0,0,3,0,0,3,0,0,0,0,pegRNA_201
HDR,50.0,50.0,98,98,4,2,2,0,2,2,2,0,0,0,0,0,0,2,pegRNA_201
Reference,85.8974359,14.1025641,79,79,78,67,11,0,1,3,9,0,2,8,0,0,0,1,pegRNA_202
HDR,100.0,0.0,79,79,1,1,0,0,0,0,0,0,0,0,0,0,0,0,pegRNA_202
Reference,89.09090909,10.90909091,111,111,110,98,12,0,0,0,12,0,0,12,0,0,0,0,pegRNA_203
HDR,0.0,100.0,111,111,1,0,1,0,0,0,1,0,0,1,0,0,0,0,pegRNA_203
Reference,91.35802469,8.64197531,81,81,81,74,7,0,1,0,6,1,0,6,0,0,0,0,pegRNA_204
HDR,,,81,81,0,0,0,0,0,0,0,0,0,0,0,0,0,0,pegRNA_204
Reference,88.88888889,11.11111111,84,84,81,72,9,0,0,0,9,0,0,9,0,0,0,0,pegRNA_205
HDR,66.66666667,33.33333333,84,84,3,2,1,0,0,0,1,0,0,1,0,0,0,0,pegRNA_205
Reference,80.35714286,19.64285714,56,56,56,45,11,0,0,0,11,0,0,11,0,0,0,0,pegRNA_206
HDR,,,56,56,0,0,0,0,0,0,0,0,0,0,0,0,0,0,pegRNA_206
Reference,76.19047619,23.80952381,28,21,21,16,5,0,0,0,5,0,0,5,0,0,0,0,pegRNA_207
HDR,,,28,21,0,0,0,0,0,0,0,0,0,0,0,0,0,0,pegRNA_207
Reference,90.47619048,9.52380952,42,42,42,38,4,0,0,0,4,0,0,4,0,0,0,0,pegRNA_208
HDR,,,42,42,0,0,0,0,0,0,0,0,0,0,0,0,0,0,pegRNA_208
Reference,0.0,0.0,0,0,0,0,0,0,0,0,0,0,0,0,0,0,0,0,pegRNA_209
HDR,0.0,0.0,0,0,0,0,0,0,0,0,0,0,0,0,0,0,0,0,pegRNA_209
Reference,89.61038961,10.38961039,77,77,77,69,8,0,0,0,8,0,0,8,0,0,0,0,pegRNA_210
HDR,,,77,77,0,0,0,0,0,0,0,0,0,0,0,0,0,0,pegRNA_210
Reference,96.07843137,3.92156863,51,51,51,49,2,0,0,0,2,0,0,2,0,0,0,0,pegRNA_211
HDR,,,51,51,0,0,0,0,0,0,0,0,0,0,0,0,0,0,pegRNA_211
Reference,100.0,0.0,54,54,54,54,0,0,0,0,0,0,0,0,0,0,0,0,pegRNA_212
HDR,,,54,54,0,0,0,0,0,0,0,0,0,0,0,0,0,0,pegRNA_212
Reference,91.75257732,8.24742268,97,97,97,89,8,0,0,0,8,0,0,8,0,0,0,0,pegRNA_213
HDR,,,97,97,0,0,0,0,0,0,0,0,0,0,0,0,0,0,pegRNA_213
Reference,91.58050222,8.41949778,685,685,677,620,57,0,5,15,38,5,14,37,0,0,1,0,pegRNA_214
HDR,71.42857143,28.57142857,685,685,7,5,2,0,0,0,2,0,0,2,0,0,0,0,pegRNA_214
Reference,93.86106624,6.13893376,628,620,619,581,38,0,0,0,38,0,0,38,0,0,0,0,pegRNA_215
HDR,100.0,0.0,628,620,1,1,0,0,0,0,0,0,0,0,0,0,0,0,pegRNA_215
Reference,96.47577093,3.52422907,235,235,227,219,8,0,0,1,7,0,1,7,0,0,0,0,pegRNA_216
HDR,87.5,12.5,235,235,8,7,1,0,0,0,1,0,0,1,0,0,0,0,pegRNA_216
Reference,84.1025641,15.8974359,217,217,195,164,31,0,0,2,29,0,2,29,0,0,0,0,pegRNA_217
HDR,95.45454545,4.54545455,217,217,22,21,1,0,0,0,1,0,0,1,0,0,0,0,pegRNA_217
Reference,77.77777778,22.22222222,9,9,9,7,2,0,1,0,1,1,0,1,0,0,0,0,pegRNA_218
HDR,,,9,9,0,0,0,0,0,0,0,0,0,0,0,0,0,0,pegRNA_218
Reference,77.67857143,22.32142857,179,178,112,87,25,0,14,2,13,10,0,11,2,2,0,0,pegRNA_219
HDR,87.5,12.5,179,178,48,42,6,0,2,0,6,0,0,4,0,2,0,0,pegRNA_219
Reference,84.53608247,15.46391753,97,97,97,82,15,0,0,1,14,0,1,14,0,0,0,0,pegRNA_220
HDR,,,97,97,0,0,0,0,0,0,0,0,0,0,0,0,0,0,pegRNA_220
Reference,58.82352941,41.17647059,17,17,17,10,7,0,2,0,5,2,0,5,0,0,0,0,pegRNA_221
HDR,,,17,17,0,0,0,0,0,0,0,0,0,0,0,0,0,0,pegRNA_221
Reference,92.06349206,7.93650794,63,63,63,58,5,0,0,0,5,0,0,5,0,0,0,0,pegRNA_222
HDR,,,63,63,0,0,0,0,0,0,0,0,0,0,0,0,0,0,pegRNA_222
Reference,88.88888889,11.11111111,54,54,54,48,6,0,0,2,5,0,1,4,0,0,1,0,pegRNA_223
HDR,,,54,54,0,0,0,0,0,0,0,0,0,0,0,0,0,0,pegRNA_223
Reference,89.07849829,10.92150171,306,306,293,261,32,0,0,12,20,0,12,20,0,0,0,0,pegRNA_224
HDR,61.53846154,38.46153846,306,306,13,8,5,0,0,0,5,0,0,5,0,0,0,0,pegRNA_224
Reference,77.77777778,22.22222222,15,15,9,7,2,0,0,0,2,0,0,2,0,0,0,0,pegRNA_225
HDR,66.66666667,33.33333333,15,15,6,4,2,0,0,2,2,0,0,0,0,0,2,0,pegRNA_225
Reference,88.49557522,11.50442478,116,116,113,100,13,0,0,0,13,0,0,13,0,0,0,0,pegRNA_226
HDR,100.0,0.0,116,116,3,3,0,0,0,0,0,0,0,0,0,0,0,0,pegRNA_226
Reference,92.95774648,7.04225352,223,222,213,198,15,0,0,4,11,0,4,11,0,0,0,0,pegRNA_227
HDR,100.0,0.0,223,222,9,9,0,0,0,0,0,0,0,0,0,0,0,0,pegRNA_227
Reference,90.65420561,9.34579439,243,243,214,194,20,0,2,1,17,2,1,17,0,0,0,0,pegRNA_228
HDR,89.65517241,10.34482759,243,243,29,26,3,0,0,0,3,0,0,3,0,0,0,0,pegRNA_228
Reference,90.20833333,9.79166667,517,509,480,433,47,0,4,2,41,4,2,41,0,0,0,0,pegRNA_229
HDR,35.71428571,64.28571429,517,509,28,10,18,0,0,0,18,0,0,18,0,0,0,0,pegRNA_229
Reference,100.0,0.0,8,8,8,8,0,0,0,0,0,0,0,0,0,0,0,0,pegRNA_230
HDR,,,8,8,0,0,0,0,0,0,0,0,0,0,0,0,0,0,pegRNA_230
Reference,94.5229682,5.4770318,638,638,566,535,31,0,4,4,28,0,0,27,3,0,0,1,pegRNA_231
HDR,95.83333333,4.16666667,638,638,72,69,3,0,0,2,1,0,2,1,0,0,0,0,pegRNA_231
Reference,50.0,50.0,3,3,2,1,1,0,0,1,0,0,1,0,0,0,0,0,pegRNA_232
HDR,100.0,0.0,3,3,1,1,0,0,0,0,0,0,0,0,0,0,0,0,pegRNA_232
Reference,81.81818182,18.18181818,14,14,11,9,2,0,1,0,1,1,0,1,0,0,0,0,pegRNA_233
HDR,100.0,0.0,14,14,3,3,0,0,0,0,0,0,0,0,0,0,0,0,pegRNA_233
Reference,91.66666667,8.33333333,25,25,24,22,2,0,0,0,2,0,0,2,0,0,0,0,pegRNA_234
HDR,100.0,0.0,25,25,1,1,0,0,0,0,0,0,0,0,0,0,0,0,pegRNA_234
Reference,90.0,10.0,113,112,100,90,10,0,2,0,8,2,0,8,0,0,0,0,pegRNA_235
HDR,75.0,25.0,113,112,12,9,3,0,2,2,3,0,0,1,0,0,0,2,pegRNA_235
Reference,86.38743455,13.61256545,198,198,191,165,26,0,1,2,24,0,1,24,1,0,0,0,pegRNA_236
HDR,85.71428571,14.28571429,198,198,7,6,1,0,0,0,1,0,0,1,0,0,0,0,pegRNA_236
Reference,71.42857143,28.57142857,20,8,7,5,2,0,0,0,2,0,0,2,0,0,0,0,pegRNA_237
HDR,0.0,100.0,20,8,1,0,1,0,0,0,1,0,0,1,0,0,0,0,pegRNA_237
Reference,86.75958188,13.24041812,295,295,287,249,38,0,0,0,38,0,0,38,0,0,0,0,pegRNA_238
HDR,100.0,0.0,295,295,8,8,0,0,0,0,0,0,0,0,0,0,0,0,pegRNA_238
Reference,89.10447761,10.89552239,670,670,670,597,73,0,0,16,58,0,15,57,0,0,1,0,pegRNA_239
HDR,,,670,670,0,0,0,0,0,0,0,0,0,0,0,0,0,0,pegRNA_239
Reference,90.11857708,9.88142292,301,301,253,228,25,0,0,1,24,0,1,24,0,0,0,0,pegRNA_240
HDR,93.75,6.25,301,301,48,45,3,0,0,1,2,0,1,2,0,0,0,0,pegRNA_240
Reference,92.06349206,7.93650794,63,63,63,58,5,0,0,0,5,0,0,5,0,0,0,0,pegRNA_241
HDR,,,63,63,0,0,0,0,0,0,0,0,0,0,0,0,0,0,pegRNA_241
Reference,87.93103448,12.06896552,58,58,58,51,7,0,0,3,4,0,3,4,0,0,0,0,pegRNA_242
HDR,,,58,58,0,0,0,0,0,0,0,0,0,0,0,0,0,0,pegRNA_242
Reference,86.0,14.0,526,526,100,86,14,0,0,0,14,0,0,14,0,0,0,0,pegRNA_243
HDR,90.09433962,9.90566038,526,526,424,382,42,0,0,4,38,0,4,38,0,0,0,0,pegRNA_243
Reference,91.8699187,8.1300813,247,247,246,226,20,0,0,3,18,0,2,17,0,0,1,0,pegRNA_244
HDR,100.0,0.0,247,247,1,1,0,0,0,0,0,0,0,0,0,0,0,0,pegRNA_244
Reference,84.61538462,15.38461538,26,18,13,11,2,0,0,0,2,0,0,2,0,0,0,0,pegRNA_245
HDR,100.0,0.0,26,18,4,4,0,0,0,0,0,0,0,0,0,0,0,0,pegRNA_245
Reference,93.93939394,6.06060606,166,166,165,155,10,0,0,0,10,0,0,10,0,0,0,0,pegRNA_246
HDR,100.0,0.0,166,166,1,1,0,0,0,0,0,0,0,0,0,0,0,0,pegRNA_246
Reference,89.47368421,10.52631579,380,380,380,340,40,0,0,3,37,0,3,37,0,0,0,0,pegRNA_247
HDR,,,380,380,0,0,0,0,0,0,0,0,0,0,0,0,0,0,pegRNA_247
Reference,89.39393939,10.60606061,267,267,264,236,28,0,0,0,28,0,0,28,0,0,0,0,pegRNA_248
HDR,66.66666667,33.33333333,267,267,3,2,1,0,0,0,1,0,0,1,0,0,0,0,pegRNA_248
Reference,88.80208333,11.19791667,1585,1585,1536,1364,172,0,39,14,126,32,14,119,0,7,0,0,pegRNA_249
HDR,93.18181818,6.81818182,1585,1585,44,41,3,0,1,1,2,0,0,2,1,0,0,0,pegRNA_249
Reference,83.33333333,16.66666667,157,157,120,100,20,0,0,12,8,0,12,8,0,0,0,0,pegRNA_250
HDR,91.89189189,8.10810811,157,157,37,34,3,0,0,0,3,0,0,3,0,0,0,0,pegRNA_250
Reference,92.75362319,7.24637681,69,69,69,64,5,0,0,0,5,0,0,5,0,0,0,0,pegRNA_251
HDR,,,69,69,0,0,0,0,0,0,0,0,0,0,0,0,0,0,pegRNA_251
Reference,94.73684211,5.26315789,41,41,38,36,2,0,0,0,2,0,0,2,0,0,0,0,pegRNA_252
HDR,100.0,0.0,41,41,3,3,0,0,0,0,0,0,0,0,0,0,0,0,pegRNA_252
Reference,90.56603774,9.43396226,53,53,53,48,5,0,0,0,5,0,0,5,0,0,0,0,pegRNA_253
HDR,,,53,53,0,0,0,0,0,0,0,0,0,0,0,0,0,0,pegRNA_253
Reference,93.33333333,6.66666667,30,30,30,28,2,0,0,0,2,0,0,2,0,0,0,0,pegRNA_254
HDR,,,30,30,0,0,0,0,0,0,0,0,0,0,0,0,0,0,pegRNA_254
Reference,100.0,0.0,2,2,2,2,0,0,0,0,0,0,0,0,0,0,0,0,pegRNA_255
HDR,,,2,2,0,0,0,0,0,0,0,0,0,0,0,0,0,0,pegRNA_255
Reference,84.21052632,15.78947368,86,86,19,16,3,0,0,0,3,0,0,3,0,0,0,0,pegRNA_256
HDR,97.01492537,2.98507463,86,86,67,65,2,0,0,0,2,0,0,2,0,0,0,0,pegRNA_256
Reference,74.57627119,25.42372881,101,101,59,44,15,0,0,6,9,0,6,9,0,0,0,0,pegRNA_257
HDR,95.12195122,4.87804878,101,101,41,39,2,0,0,0,2,0,0,2,0,0,0,0,pegRNA_257
Reference,100.0,0.0,49,49,24,24,0,0,0,0,0,0,0,0,0,0,0,0,pegRNA_258
HDR,96.0,4.0,49,49,25,24,1,0,0,0,1,0,0,1,0,0,0,0,pegRNA_258
Reference,86.95652174,13.04347826,201,201,46,40,6,0,0,2,4,0,2,4,0,0,0,0,pegRNA_259
HDR,91.55844156,8.44155844,201,201,154,141,13,0,1,0,12,1,0,12,0,0,0,0,pegRNA_259
Reference,91.66666667,8.33333333,48,48,48,44,4,0,0,1,3,0,1,3,0,0,0,0,pegRNA_260
HDR,,,48,48,0,0,0,0,0,0,0,0,0,0,0,0,0,0,pegRNA_260
Reference,93.24324324,6.75675676,222,222,222,207,15,0,2,7,6,2,7,6,0,0,0,0,pegRNA_261
HDR,,,222,222,0,0,0,0,0,0,0,0,0,0,0,0,0,0,pegRNA_261
Reference,94.79553903,5.20446097,269,269,269,255,14,0,0,3,11,0,3,11,0,0,0,0,pegRNA_262
HDR,,,269,269,0,0,0,0,0,0,0,0,0,0,0,0,0,0,pegRNA_262
Reference,98.0,2.0,150,150,150,147,3,0,0,0,3,0,0,3,0,0,0,0,pegRNA_263
HDR,,,150,150,0,0,0,0,0,0,0,0,0,0,0,0,0,0,pegRNA_263
Reference,61.46788991,38.53211009,109,109,109,67,42,0,1,0,41,1,0,41,0,0,0,0,pegRNA_264
HDR,,,109,109,0,0,0,0,0,0,0,0,0,0,0,0,0,0,pegRNA_264
Reference,90.625,9.375,32,32,32,29,3,0,0,2,1,0,2,1,0,0,0,0,pegRNA_265
HDR,,,32,32,0,0,0,0,0,0,0,0,0,0,0,0,0,0,pegRNA_265
Reference,83.33333333,16.66666667,30,30,30,25,5,0,0,1,5,0,0,4,0,0,1,0,pegRNA_266
HDR,,,30,30,0,0,0,0,0,0,0,0,0,0,0,0,0,0,pegRNA_266
Reference,94.73684211,5.26315789,38,38,38,36,2,0,0,0,2,0,0,2,0,0,0,0,pegRNA_267
HDR,,,38,38,0,0,0,0,0,0,0,0,0,0,0,0,0,0,pegRNA_267
Reference,93.25842697,6.74157303,89,89,89,83,6,0,0,0,6,0,0,6,0,0,0,0,pegRNA_268
HDR,,,89,89,0,0,0,0,0,0,0,0,0,0,0,0,0,0,pegRNA_268
Reference,93.31742243,6.68257757,448,448,419,391,28,0,0,2,26,0,2,26,0,0,0,0,pegRNA_269
HDR,96.42857143,3.57142857,448,448,28,27,1,0,0,0,1,0,0,1,0,0,0,0,pegRNA_269
Reference,94.36619718,5.63380282,596,596,568,536,32,0,0,6,28,0,4,26,0,0,2,0,pegRNA_270
HDR,77.77777778,22.22222222,596,596,18,14,4,0,0,0,4,0,0,4,0,0,0,0,pegRNA_270
Reference,92.19219219,7.80780781,342,342,333,307,26,0,0,1,25,0,1,25,0,0,0,0,pegRNA_271
HDR,100.0,0.0,342,342,9,9,0,0,0,0,0,0,0,0,0,0,0,0,pegRNA_271
Reference,60.17699115,39.82300885,300,290,113,68,45,0,27,6,20,19,5,13,1,7,0,0,pegRNA_272
HDR,72.4137931,27.5862069,300,290,145,105,40,0,10,26,18,0,20,7,2,7,3,1,pegRNA_272
Reference,92.28187919,7.71812081,309,309,298,275,23,0,4,3,16,4,3,16,0,0,0,0,pegRNA_273
HDR,72.72727273,27.27272727,309,309,11,8,3,0,0,3,0,0,3,0,0,0,0,0,pegRNA_273
Reference,93.75,6.25,251,251,240,225,15,0,4,0,11,4,0,11,0,0,0,0,pegRNA_274
HDR,90.0,10.0,251,251,10,9,1,0,0,0,1,0,0,1,0,0,0,0,pegRNA_274
Reference,91.95876289,8.04123711,493,493,485,446,39,0,6,7,26,6,7,26,0,0,0,0,pegRNA_275
HDR,100.0,0.0,493,493,8,8,0,0,0,0,0,0,0,0,0,0,0,0,pegRNA_275
Reference,87.65432099,12.34567901,188,186,162,142,20,0,5,0,15,5,0,15,0,0,0,0,pegRNA_276
HDR,83.33333333,16.66666667,188,186,24,20,4,0,0,1,3,0,1,3,0,0,0,0,pegRNA_276
Reference,100.0,0.0,22,21,16,16,0,0,0,0,0,0,0,0,0,0,0,0,pegRNA_277
HDR,80.0,20.0,22,21,5,4,1,0,0,0,1,0,0,1,0,0,0,0,pegRNA_277
Reference,89.09574468,10.90425532,386,386,376,335,41,0,0,1,40,0,1,40,0,0,0,0,pegRNA_278
HDR,90.0,10.0,386,386,10,9,1,0,0,0,1,0,0,1,0,0,0,0,pegRNA_278
Reference,15.38461538,84.61538462,13,13,13,2,11,0,0,5,7,0,4,6,0,0,1,0,pegRNA_279
HDR,,,13,13,0,0,0,0,0,0,0,0,0,0,0,0,0,0,pegRNA_279
Reference,82.35294118,17.64705882,17,17,17,14,3,0,3,0,0,3,0,0,0,0,0,0,pegRNA_280
HDR,,,17,17,0,0,0,0,0,0,0,0,0,0,0,0,0,0,pegRNA_280
Reference,80.0,20.0,21,21,20,16,4,0,0,0,4,0,0,4,0,0,0,0,pegRNA_281
HDR,100.0,0.0,21,21,1,1,0,0,0,0,0,0,0,0,0,0,0,0,pegRNA_281
Reference,100.0,0.0,7,7,7,7,0,0,0,0,0,0,0,0,0,0,0,0,pegRNA_282
HDR,,,7,7,0,0,0,0,0,0,0,0,0,0,0,0,0,0,pegRNA_282
Reference,82.05128205,17.94871795,39,39,39,32,7,0,0,1,6,0,1,6,0,0,0,0,pegRNA_283
HDR,,,39,39,0,0,0,0,0,0,0,0,0,0,0,0,0,0,pegRNA_283
Reference,93.29608939,6.70391061,179,179,179,167,12,0,0,0,12,0,0,12,0,0,0,0,pegRNA_284
HDR,,,179,179,0,0,0,0,0,0,0,0,0,0,0,0,0,0,pegRNA_284
Reference,92.85714286,7.14285714,98,98,98,91,7,0,1,2,4,1,2,4,0,0,0,0,pegRNA_285
HDR,,,98,98,0,0,0,0,0,0,0,0,0,0,0,0,0,0,pegRNA_285
Reference,88.78504673,11.21495327,109,109,107,95,12,0,0,6,6,0,6,6,0,0,0,0,pegRNA_286
HDR,100.0,0.0,109,109,2,2,0,0,0,0,0,0,0,0,0,0,0,0,pegRNA_286
Reference,90.54054054,9.45945946,152,152,148,134,14,0,0,3,12,0,2,11,0,0,1,0,pegRNA_287
HDR,0.0,100.0,152,152,4,0,4,0,4,0,1,3,0,0,0,1,0,0,pegRNA_287
Reference,86.23188406,13.76811594,146,138,138,119,19,0,0,6,13,0,6,13,0,0,0,0,pegRNA_288
HDR,,,146,138,0,0,0,0,0,0,0,0,0,0,0,0,0,0,pegRNA_288
Reference,100.0,0.0,23,23,22,22,0,0,0,0,0,0,0,0,0,0,0,0,pegRNA_289
HDR,100.0,0.0,23,23,1,1,0,0,0,0,0,0,0,0,0,0,0,0,pegRNA_289
Reference,72.22222222,27.77777778,36,36,36,26,10,0,0,4,6,0,4,6,0,0,0,0,pegRNA_290
HDR,,,36,36,0,0,0,0,0,0,0,0,0,0,0,0,0,0,pegRNA_290
Reference,89.33333333,10.66666667,77,75,75,67,8,0,0,1,7,0,1,7,0,0,0,0,pegRNA_291
HDR,,,77,75,0,0,0,0,0,0,0,0,0,0,0,0,0,0,pegRNA_291
Reference,93.75,6.25,16,16,16,15,1,0,0,0,1,0,0,1,0,0,0,0,pegRNA_292
HDR,,,16,16,0,0,0,0,0,0,0,0,0,0,0,0,0,0,pegRNA_292
Reference,100.0,0.0,6,6,6,6,0,0,0,0,0,0,0,0,0,0,0,0,pegRNA_293
HDR,,,6,6,0,0,0,0,0,0,0,0,0,0,0,0,0,0,pegRNA_293
Reference,84.41558442,15.58441558,78,78,77,65,12,0,0,1,11,0,1,11,0,0,0,0,pegRNA_294
HDR,,,78,78,0,0,0,0,0,0,0,0,0,0,0,0,0,0,pegRNA_294
Reference,89.79591837,10.20408163,99,99,98,88,10,0,0,0,10,0,0,10,0,0,0,0,pegRNA_295
HDR,,,99,99,0,0,0,0,0,0,0,0,0,0,0,0,0,0,pegRNA_295
Reference,84.61538462,15.38461538,209,209,208,176,32,0,0,3,29,0,3,29,0,0,0,0,pegRNA_296
HDR,,,209,209,0,0,0,0,0,0,0,0,0,0,0,0,0,0,pegRNA_296
Reference,86.92810458,13.07189542,153,153,153,133,20,0,6,1,13,6,1,13,0,0,0,0,pegRNA_297
HDR,,,153,153,0,0,0,0,0,0,0,0,0,0,0,0,0,0,pegRNA_297
Reference,92.85714286,7.14285714,116,116,112,104,8,0,0,2,6,0,2,6,0,0,0,0,pegRNA_298
HDR,100.0,0.0,116,116,3,3,0,0,0,0,0,0,0,0,0,0,0,0,pegRNA_298
Reference,94.30604982,5.69395018,1407,1407,1405,1325,80,0,0,3,77,0,3,77,0,0,0,0,pegRNA_299
HDR,,,1407,1407,0,0,0,0,0,0,0,0,0,0,0,0,0,0,pegRNA_299
Reference,92.36241108,7.63758892,2676,2676,2671,2467,204,0,0,26,179,0,25,178,0,0,1,0,pegRNA_300
HDR,100.0,0.0,2676,2676,1,1,0,0,0,0,0,0,0,0,0,0,0,0,pegRNA_300
Reference,92.55319149,7.44680851,1976,1976,1974,1827,147,0,7,12,129,7,11,128,0,0,1,0,pegRNA_301
HDR,,,1976,1976,0,0,0,0,0,0,0,0,0,0,0,0,0,0,pegRNA_301
Reference,91.6744186,8.3255814,2159,2159,2150,1971,179,0,0,10,170,0,9,169,0,0,1,0,pegRNA_302
HDR,,,2159,2159,0,0,0,0,0,0,0,0,0,0,0,0,0,0,pegRNA_302
Reference,91.95784803,8.04215197,1813,1813,1803,1658,145,0,8,25,121,0,24,113,0,7,0,1,pegRNA_303
HDR,0.0,100.0,1813,1813,8,0,8,0,0,8,8,0,0,0,0,0,8,0,pegRNA_303
Reference,91.71618315,8.28381685,2879,2867,2861,2624,237,0,0,13,226,0,11,224,0,0,2,0,pegRNA_304
HDR,100.0,0.0,2879,2867,2,2,0,0,0,0,0,0,0,0,0,0,0,0,pegRNA_304
Reference,92.48197734,7.51802266,2919,2919,2913,2694,219,0,3,20,196,3,20,196,0,0,0,0,pegRNA_305
HDR,100.0,0.0,2919,2919,4,4,0,0,0,0,0,0,0,0,0,0,0,0,pegRNA_305
Reference,91.01040119,8.98959881,2697,2697,2692,2450,242,0,6,12,225,5,12,224,0,1,0,0,pegRNA_306
HDR,100.0,0.0,2697,2697,3,3,0,0,0,0,0,0,0,0,0,0,0,0,pegRNA_306
Reference,94.3793911,5.6206089,2577,2569,2562,2418,144,0,5,7,132,5,7,132,0,0,0,0,pegRNA_307
HDR,100.0,0.0,2577,2569,6,6,0,0,0,0,0,0,0,0,0,0,0,0,pegRNA_307
Reference,93.6969697,6.3030303,2479,2479,2475,2319,156,0,0,3,154,0,2,153,0,0,1,0,pegRNA_308
HDR,100.0,0.0,2479,2479,3,3,0,0,0,0,0,0,0,0,0,0,0,0,pegRNA_308
Reference,95.21276596,4.78723404,564,564,564,537,27,0,0,3,24,0,3,24,0,0,0,0,pegRNA_309
HDR,,,564,564,0,0,0,0,0,0,0,0,0,0,0,0,0,0,pegRNA_309
Reference,87.89808917,12.10191083,316,316,314,276,38,0,0,1,37,0,1,37,0,0,0,0,pegRNA_310
HDR,100.0,0.0,316,316,2,2,0,0,0,0,0,0,0,0,0,0,0,0,pegRNA_310
Reference,92.74509804,7.25490196,510,510,510,473,37,0,0,2,35,0,2,35,0,0,0,0,pegRNA_311
HDR,,,510,510,0,0,0,0,0,0,0,0,0,0,0,0,0,0,pegRNA_311
Reference,94.49541284,5.50458716,109,109,109,103,6,0,0,0,6,0,0,6,0,0,0,0,pegRNA_312
HDR,,,109,109,0,0,0,0,0,0,0,0,0,0,0,0,0,0,pegRNA_312
Reference,90.72164948,9.27835052,97,97,97,88,9,0,0,0,9,0,0,9,0,0,0,0,pegRNA_313
HDR,,,97,97,0,0,0,0,0,0,0,0,0,0,0,0,0,0,pegRNA_313
Reference,37.5,62.5,14,14,8,3,5,0,0,0,5,0,0,5,0,0,0,0,pegRNA_314
HDR,33.33333333,66.66666667,14,14,3,1,2,0,0,2,2,0,0,0,0,0,2,0,pegRNA_314
Reference,47.05882353,52.94117647,17,17,17,8,9,0,0,4,5,0,4,5,0,0,0,0,pegRNA_315
HDR,,,17,17,0,0,0,0,0,0,0,0,0,0,0,0,0,0,pegRNA_315
Reference,92.70976616,7.29023384,867,862,727,674,53,0,0,1,52,0,1,52,0,0,0,0,pegRNA_316
HDR,97.76119403,2.23880597,867,862,134,131,3,0,0,1,2,0,1,2,0,0,0,0,pegRNA_316
Reference,85.34482759,14.65517241,116,116,116,99,17,0,0,7,10,0,7,10,0,0,0,0,pegRNA_317
HDR,,,116,116,0,0,0,0,0,0,0,0,0,0,0,0,0,0,pegRNA_317
Reference,91.20879121,8.79120879,122,121,91,83,8,0,1,0,8,0,0,7,0,1,0,0,pegRNA_318
HDR,86.66666667,13.33333333,122,121,30,26,4,0,2,0,4,0,0,2,0,2,0,0,pegRNA_318
Reference,90.8045977,9.1954023,784,784,783,711,72,0,3,0,69,3,0,69,0,0,0,0,pegRNA_319
HDR,0.0,100.0,784,784,1,0,1,0,1,1,1,0,0,0,0,0,0,1,pegRNA_319
Reference,87.34177215,12.65822785,79,79,79,69,10,0,0,0,10,0,0,10,0,0,0,0,pegRNA_320
HDR,,,79,79,0,0,0,0,0,0,0,0,0,0,0,0,0,0,pegRNA_320
Reference,93.93939394,6.06060606,35,35,33,31,2,0,0,0,2,0,0,2,0,0,0,0,pegRNA_321
HDR,0.0,100.0,35,35,2,0,2,0,2,2,2,0,0,0,0,0,0,2,pegRNA_321
Reference,83.21678322,16.78321678,148,148,143,119,24,0,0,0,24,0,0,24,0,0,0,0,pegRNA_322
HDR,0.0,100.0,148,148,5,0,5,0,5,5,5,0,0,0,0,0,0,5,pegRNA_322
Reference,84.47204969,15.52795031,164,164,161,136,25,0,0,3,22,0,3,22,0,0,0,0,pegRNA_323
HDR,50.0,50.0,164,164,2,1,1,0,0,0,1,0,0,1,0,0,0,0,pegRNA_323
Reference,86.86440678,13.13559322,666,661,472,410,62,0,1,0,61,1,0,61,0,0,0,0,pegRNA_324
HDR,65.40540541,34.59459459,666,661,185,121,64,0,36,46,38,0,3,6,23,12,19,1,pegRNA_324
Reference,100.0,0.0,3,3,3,3,0,0,0,0,0,0,0,0,0,0,0,0,pegRNA_325
HDR,,,3,3,0,0,0,0,0,0,0,0,0,0,0,0,0,0,pegRNA_325
Reference,91.5451895,8.4548105,509,497,343,314,29,0,1,0,28,1,0,28,0,0,0,0,pegRNA_326
HDR,92.15686275,7.84313725,509,497,153,141,12,0,0,0,12,0,0,12,0,0,0,0,pegRNA_326
Reference,86.17886179,13.82113821,133,131,123,106,17,0,0,7,11,0,6,10,0,0,1,0,pegRNA_327
HDR,12.5,87.5,133,131,8,1,7,0,0,6,1,0,6,1,0,0,0,0,pegRNA_327
Reference,92.69406393,7.30593607,263,263,219,203,16,0,0,1,15,0,1,15,0,0,0,0,pegRNA_328
HDR,90.69767442,9.30232558,263,263,43,39,4,0,0,0,4,0,0,4,0,0,0,0,pegRNA_328
Reference,84.40366972,15.59633028,111,111,109,92,17,0,0,8,9,0,8,9,0,0,0,0,pegRNA_329
HDR,,,111,111,0,0,0,0,0,0,0,0,0,0,0,0,0,0,pegRNA_329
Reference,84.90566038,15.09433962,106,106,106,90,16,0,0,0,16,0,0,16,0,0,0,0,pegRNA_330
HDR,,,106,106,0,0,0,0,0,0,0,0,0,0,0,0,0,0,pegRNA_330
Reference,94.87179487,5.12820513,78,78,78,74,4,0,0,0,4,0,0,4,0,0,0,0,pegRNA_331
HDR,,,78,78,0,0,0,0,0,0,0,0,0,0,0,0,0,0,pegRNA_331
Reference,86.08247423,13.91752577,196,196,194,167,27,0,2,11,15,1,11,14,0,1,0,0,pegRNA_332
HDR,,,196,196,0,0,0,0,0,0,0,0,0,0,0,0,0,0,pegRNA_332
Reference,72.72727273,27.27272727,11,11,11,8,3,0,0,1,2,0,1,2,0,0,0,0,pegRNA_333
HDR,,,11,11,0,0,0,0,0,0,0,0,0,0,0,0,0,0,pegRNA_333
Reference,62.5,37.5,8,8,8,5,3,0,0,2,1,0,2,1,0,0,0,0,pegRNA_334
HDR,,,8,8,0,0,0,0,0,0,0,0,0,0,0,0,0,0,pegRNA_334
Reference,78.88888889,21.11111111,280,280,270,213,57,0,0,8,49,0,8,49,0,0,0,0,pegRNA_335
HDR,14.28571429,85.71428571,280,280,7,1,6,0,5,1,2,4,0,0,0,1,1,0,pegRNA_335
Reference,90.98360656,9.01639344,122,122,122,111,11,0,0,0,11,0,0,11,0,0,0,0,pegRNA_336
HDR,,,122,122,0,0,0,0,0,0,0,0,0,0,0,0,0,0,pegRNA_336
Reference,72.35023041,27.64976959,222,217,217,157,60,0,0,8,53,0,7,52,0,0,1,0,pegRNA_337
HDR,,,222,217,0,0,0,0,0,0,0,0,0,0,0,0,0,0,pegRNA_337
Reference,93.47826087,6.52173913,47,47,46,43,3,0,0,0,3,0,0,3,0,0,0,0,pegRNA_338
HDR,100.0,0.0,47,47,1,1,0,0,0,0,0,0,0,0,0,0,0,0,pegRNA_338
Reference,66.66666667,33.33333333,19,12,12,8,4,0,0,2,2,0,2,2,0,0,0,0,pegRNA_339
HDR,,,19,12,0,0,0,0,0,0,0,0,0,0,0,0,0,0,pegRNA_339
Reference,87.64044944,12.35955056,90,90,89,78,11,0,0,0,11,0,0,11,0,0,0,0,pegRNA_340
HDR,,,90,90,0,0,0,0,0,0,0,0,0,0,0,0,0,0,pegRNA_340
Reference,95.93495935,4.06504065,123,123,123,118,5,0,0,0,5,0,0,5,0,0,0,0,pegRNA_341
HDR,,,123,123,0,0,0,0,0,0,0,0,0,0,0,0,0,0,pegRNA_341
Reference,94.44444444,5.55555556,18,18,18,17,1,0,0,1,0,0,1,0,0,0,0,0,pegRNA_342
HDR,,,18,18,0,0,0,0,0,0,0,0,0,0,0,0,0,0,pegRNA_342
Reference,92.98245614,7.01754386,58,58,57,53,4,0,0,2,2,0,2,2,0,0,0,0,pegRNA_343
HDR,100.0,0.0,58,58,1,1,0,0,0,0,0,0,0,0,0,0,0,0,pegRNA_343
Reference,90.76923077,9.23076923,65,65,65,59,6,0,0,0,6,0,0,6,0,0,0,0,pegRNA_344
HDR,,,65,65,0,0,0,0,0,0,0,0,0,0,0,0,0,0,pegRNA_344
Reference,76.92307692,23.07692308,13,13,13,10,3,0,0,0,3,0,0,3,0,0,0,0,pegRNA_345
HDR,,,13,13,0,0,0,0,0,0,0,0,0,0,0,0,0,0,pegRNA_345
Reference,96.96969697,3.03030303,33,33,33,32,1,0,0,0,1,0,0,1,0,0,0,0,pegRNA_346
HDR,,,33,33,0,0,0,0,0,0,0,0,0,0,0,0,0,0,pegRNA_346
Reference,100.0,0.0,13,13,12,12,0,0,0,0,0,0,0,0,0,0,0,0,pegRNA_347
HDR,100.0,0.0,13,13,1,1,0,0,0,0,0,0,0,0,0,0,0,0,pegRNA_347
Reference,88.88888889,11.11111111,18,18,18,16,2,0,0,1,1,0,1,1,0,0,0,0,pegRNA_348
HDR,,,18,18,0,0,0,0,0,0,0,0,0,0,0,0,0,0,pegRNA_348
Reference,97.18309859,2.81690141,142,142,142,138,4,0,0,0,4,0,0,4,0,0,0,0,pegRNA_349
HDR,,,142,142,0,0,0,0,0,0,0,0,0,0,0,0,0,0,pegRNA_349
Reference,100.0,0.0,15,15,15,15,0,0,0,0,0,0,0,0,0,0,0,0,pegRNA_350
HDR,,,15,15,0,0,0,0,0,0,0,0,0,0,0,0,0,0,pegRNA_350
Reference,95.21276596,4.78723404,188,188,188,179,9,0,0,0,9,0,0,9,0,0,0,0,pegRNA_351
HDR,,,188,188,0,0,0,0,0,0,0,0,0,0,0,0,0,0,pegRNA_351
Reference,84.61538462,15.38461538,66,66,65,55,10,0,0,1,9,0,1,9,0,0,0,0,pegRNA_352
HDR,,,66,66,0,0,0,0,0,0,0,0,0,0,0,0,0,0,pegRNA_352
Reference,92.64705882,7.35294118,68,68,68,63,5,0,0,0,5,0,0,5,0,0,0,0,pegRNA_353
HDR,,,68,68,0,0,0,0,0,0,0,0,0,0,0,0,0,0,pegRNA_353
Reference,68.75,31.25,23,17,16,11,5,0,1,3,3,1,1,1,0,0,2,0,pegRNA_354
HDR,100.0,0.0,23,17,1,1,0,0,0,0,0,0,0,0,0,0,0,0,pegRNA_354
Reference,92.59259259,7.40740741,108,108,108,100,8,0,0,0,8,0,0,8,0,0,0,0,pegRNA_355
HDR,,,108,108,0,0,0,0,0,0,0,0,0,0,0,0,0,0,pegRNA_355
Reference,79.50310559,20.49689441,161,161,161,128,33,0,0,5,28,0,5,28,0,0,0,0,pegRNA_356
HDR,,,161,161,0,0,0,0,0,0,0,0,0,0,0,0,0,0,pegRNA_356
Reference,85.18518519,14.81481481,28,28,27,23,4,0,0,1,3,0,1,3,0,0,0,0,pegRNA_357
HDR,100.0,0.0,28,28,1,1,0,0,0,0,0,0,0,0,0,0,0,0,pegRNA_357
Reference,93.18181818,6.81818182,88,88,88,82,6,0,0,0,6,0,0,6,0,0,0,0,pegRNA_358
HDR,,,88,88,0,0,0,0,0,0,0,0,0,0,0,0,0,0,pegRNA_358
Reference,85.86956522,14.13043478,99,99,92,79,13,0,0,0,13,0,0,13,0,0,0,0,pegRNA_359
HDR,75.0,25.0,99,99,4,3,1,0,0,1,0,0,1,0,0,0,0,0,pegRNA_359
Reference,97.05882353,2.94117647,103,103,102,99,3,0,0,0,3,0,0,3,0,0,0,0,pegRNA_360
HDR,,,103,103,0,0,0,0,0,0,0,0,0,0,0,0,0,0,pegRNA_360
Reference,95.83333333,4.16666667,28,28,24,23,1,0,0,0,1,0,0,1,0,0,0,0,pegRNA_361
HDR,75.0,25.0,28,28,4,3,1,0,0,0,1,0,0,1,0,0,0,0,pegRNA_361
Reference,85.71428571,14.28571429,8,8,7,6,1,0,0,0,1,0,0,1,0,0,0,0,pegRNA_362
HDR,100.0,0.0,8,8,1,1,0,0,0,0,0,0,0,0,0,0,0,0,pegRNA_362
Reference,88.96103896,11.03896104,190,176,154,137,17,0,0,0,17,0,0,17,0,0,0,0,pegRNA_363
HDR,86.36363636,13.63636364,190,176,22,19,3,0,1,0,3,0,0,2,0,1,0,0,pegRNA_363
Reference,88.46153846,11.53846154,139,136,104,92,12,0,0,0,12,0,0,12,0,0,0,0,pegRNA_364
HDR,84.375,15.625,139,136,32,27,5,0,3,1,4,0,1,1,0,3,0,0,pegRNA_364
Reference,16.66666667,83.33333333,16,11,6,1,5,0,2,2,5,0,0,3,0,0,0,2,pegRNA_365
HDR,25.0,75.0,16,11,4,1,3,0,0,2,2,0,1,1,0,0,1,0,pegRNA_365
Reference,100.0,0.0,35,35,35,35,0,0,0,0,0,0,0,0,0,0,0,0,pegRNA_366
HDR,,,35,35,0,0,0,0,0,0,0,0,0,0,0,0,0,0,pegRNA_366
Reference,85.71428571,14.28571429,7,7,7,6,1,0,0,0,1,0,0,1,0,0,0,0,pegRNA_367
HDR,,,7,7,0,0,0,0,0,0,0,0,0,0,0,0,0,0,pegRNA_367
Reference,96.42857143,3.57142857,29,29,28,27,1,0,0,0,1,0,0,1,0,0,0,0,pegRNA_368
HDR,100.0,0.0,29,29,1,1,0,0,0,0,0,0,0,0,0,0,0,0,pegRNA_368
Reference,0.0,0.0,0,0,0,0,0,0,0,0,0,0,0,0,0,0,0,0,pegRNA_369
HDR,0.0,0.0,0,0,0,0,0,0,0,0,0,0,0,0,0,0,0,0,pegRNA_369
Reference,100.0,0.0,8,8,8,8,0,0,0,0,0,0,0,0,0,0,0,0,pegRNA_370
HDR,,,8,8,0,0,0,0,0,0,0,0,0,0,0,0,0,0,pegRNA_370
Reference,80.0,20.0,6,5,5,4,1,0,0,1,1,0,0,0,0,0,1,0,pegRNA_371
HDR,,,6,5,0,0,0,0,0,0,0,0,0,0,0,0,0,0,pegRNA_371
Reference,,,1,1,0,0,0,0,0,0,0,0,0,0,0,0,0,0,pegRNA_372
HDR,100.0,0.0,1,1,1,1,0,0,0,0,0,0,0,0,0,0,0,0,pegRNA_372
Reference,100.0,0.0,3,3,3,3,0,0,0,0,0,0,0,0,0,0,0,0,pegRNA_373
HDR,,,3,3,0,0,0,0,0,0,0,0,0,0,0,0,0,0,pegRNA_373
Reference,100.0,0.0,5,5,5,5,0,0,0,0,0,0,0,0,0,0,0,0,pegRNA_374
HDR,,,5,5,0,0,0,0,0,0,0,0,0,0,0,0,0,0,pegRNA_374
Reference,83.33333333,16.66666667,6,6,6,5,1,0,0,0,1,0,0,1,0,0,0,0,pegRNA_375
HDR,,,6,6,0,0,0,0,0,0,0,0,0,0,0,0,0,0,pegRNA_375
Reference,92.47311828,7.52688172,106,106,93,86,7,0,0,3,4,0,3,4,0,0,0,0,pegRNA_376
HDR,100.0,0.0,106,106,11,11,0,0,0,0,0,0,0,0,0,0,0,0,pegRNA_376
Reference,69.44444444,30.55555556,72,72,72,50,22,0,0,12,10,0,12,10,0,0,0,0,pegRNA_377
HDR,,,72,72,0,0,0,0,0,0,0,0,0,0,0,0,0,0,pegRNA_377
Reference,92.59259259,7.40740741,27,27,27,25,2,0,0,0,2,0,0,2,0,0,0,0,pegRNA_378
HDR,,,27,27,0,0,0,0,0,0,0,0,0,0,0,0,0,0,pegRNA_378
Reference,93.33333333,6.66666667,135,135,135,126,9,0,0,7,2,0,7,2,0,0,0,0,pegRNA_379
HDR,,,135,135,0,0,0,0,0,0,0,0,0,0,0,0,0,0,pegRNA_379
Reference,85.11904762,14.88095238,171,171,168,143,25,0,7,19,13,0,12,6,0,0,0,7,pegRNA_380
HDR,100.0,0.0,171,171,3,3,0,0,0,0,0,0,0,0,0,0,0,0,pegRNA_380
Reference,72.30769231,27.69230769,65,65,65,47,18,0,0,14,4,0,14,4,0,0,0,0,pegRNA_381
HDR,,,65,65,0,0,0,0,0,0,0,0,0,0,0,0,0,0,pegRNA_381
Reference,0.0,0.0,0,0,0,0,0,0,0,0,0,0,0,0,0,0,0,0,pegRNA_382
HDR,0.0,0.0,0,0,0,0,0,0,0,0,0,0,0,0,0,0,0,0,pegRNA_382
Reference,86.11111111,13.88888889,49,49,36,31,5,0,0,0,5,0,0,5,0,0,0,0,pegRNA_383
HDR,69.23076923,30.76923077,49,49,13,9,4,0,0,4,0,0,4,0,0,0,0,0,pegRNA_383
Reference,75.0,25.0,16,16,16,12,4,0,0,3,1,0,3,1,0,0,0,0,pegRNA_384
HDR,,,16,16,0,0,0,0,0,0,0,0,0,0,0,0,0,0,pegRNA_384
Reference,78.57142857,21.42857143,28,15,14,11,3,0,0,1,2,0,1,2,0,0,0,0,pegRNA_385
HDR,100.0,0.0,28,15,1,1,0,0,0,0,0,0,0,0,0,0,0,0,pegRNA_385
Reference,88.88888889,11.11111111,129,129,126,112,14,0,0,0,14,0,0,14,0,0,0,0,pegRNA_386
HDR,100.0,0.0,129,129,3,3,0,0,0,0,0,0,0,0,0,0,0,0,pegRNA_386
Reference,94.76744186,5.23255814,175,175,172,163,9,0,0,0,9,0,0,9,0,0,0,0,pegRNA_387
HDR,50.0,50.0,175,175,2,1,1,0,0,0,1,0,0,1,0,0,0,0,pegRNA_387
Reference,96.875,3.125,32,32,32,31,1,0,0,1,0,0,1,0,0,0,0,0,pegRNA_388
HDR,,,32,32,0,0,0,0,0,0,0,0,0,0,0,0,0,0,pegRNA_388
Reference,94.11764706,5.88235294,17,17,17,16,1,0,0,0,1,0,0,1,0,0,0,0,pegRNA_389
HDR,,,17,17,0,0,0,0,0,0,0,0,0,0,0,0,0,0,pegRNA_389
Reference,90.81081081,9.18918919,370,370,370,336,34,0,0,3,31,0,3,31,0,0,0,0,pegRNA_390
HDR,,,370,370,0,0,0,0,0,0,0,0,0,0,0,0,0,0,pegRNA_390
Reference,92.1686747,7.8313253,170,170,166,153,13,0,0,0,13,0,0,13,0,0,0,0,pegRNA_391
HDR,100.0,0.0,170,170,4,4,0,0,0,0,0,0,0,0,0,0,0,0,pegRNA_391
Reference,66.66666667,33.33333333,13,13,12,8,4,0,0,0,4,0,0,4,0,0,0,0,pegRNA_392
HDR,100.0,0.0,13,13,1,1,0,0,0,0,0,0,0,0,0,0,0,0,pegRNA_392
Reference,78.94736842,21.05263158,27,19,19,15,4,0,0,1,3,0,1,3,0,0,0,0,pegRNA_393
HDR,,,27,19,0,0,0,0,0,0,0,0,0,0,0,0,0,0,pegRNA_393
Reference,87.5,12.5,25,25,24,21,3,0,0,0,3,0,0,3,0,0,0,0,pegRNA_394
HDR,,,25,25,0,0,0,0,0,0,0,0,0,0,0,0,0,0,pegRNA_394
Reference,89.47368421,10.52631579,21,21,19,17,2,0,0,1,1,0,1,1,0,0,0,0,pegRNA_395
HDR,100.0,0.0,21,21,2,2,0,0,0,0,0,0,0,0,0,0,0,0,pegRNA_395
Reference,93.48137536,6.51862464,1936,1933,1396,1305,91,0,6,0,85,6,0,85,0,0,0,0,pegRNA_396
HDR,94.7761194,5.2238806,1936,1933,536,508,28,0,0,3,25,0,3,25,0,0,0,0,pegRNA_396
Reference,92.51979252,7.48020748,3679,3670,3663,3389,274,0,34,40,223,14,19,220,18,0,1,2,pegRNA_397
HDR,80.0,20.0,3679,3670,5,4,1,0,0,1,0,0,1,0,0,0,0,0,pegRNA_397
Reference,81.08108108,18.91891892,37,37,37,30,7,0,0,0,7,0,0,7,0,0,0,0,pegRNA_398
HDR,,,37,37,0,0,0,0,0,0,0,0,0,0,0,0,0,0,pegRNA_398
Reference,89.0625,10.9375,128,128,128,114,14,0,0,1,13,0,1,13,0,0,0,0,pegRNA_399
HDR,,,128,128,0,0,0,0,0,0,0,0,0,0,0,0,0,0,pegRNA_399
Reference,50.0,50.0,22,22,18,9,9,0,0,3,9,0,0,6,0,0,3,0,pegRNA_400
HDR,100.0,0.0,22,22,3,3,0,0,0,0,0,0,0,0,0,0,0,0,pegRNA_400
Reference,84.41558442,15.58441558,310,310,308,260,48,0,0,14,36,0,12,34,0,0,2,0,pegRNA_401
HDR,0.0,100.0,310,310,1,0,1,0,0,0,1,0,0,1,0,0,0,0,pegRNA_401
Reference,90.90909091,9.09090909,88,88,77,70,7,0,0,0,7,0,0,7,0,0,0,0,pegRNA_402
HDR,100.0,0.0,88,88,11,11,0,0,0,0,0,0,0,0,0,0,0,0,pegRNA_402
Reference,93.10344828,6.89655172,927,927,783,729,54,0,0,0,54,0,0,54,0,0,0,0,pegRNA_403
HDR,95.4887218,4.5112782,927,927,133,127,6,0,0,0,6,0,0,6,0,0,0,0,pegRNA_403
Reference,92.13483146,7.86516854,477,477,445,410,35,0,5,0,30,5,0,30,0,0,0,0,pegRNA_404
HDR,87.09677419,12.90322581,477,477,31,27,4,0,0,0,4,0,0,4,0,0,0,0,pegRNA_404
Reference,92.68292683,7.31707317,169,169,164,152,12,0,0,0,12,0,0,12,0,0,0,0,pegRNA_405
HDR,,,169,169,0,0,0,0,0,0,0,0,0,0,0,0,0,0,pegRNA_405
Reference,94.08284024,5.91715976,169,169,169,159,10,0,0,4,6,0,4,6,0,0,0,0,pegRNA_406
HDR,,,169,169,0,0,0,0,0,0,0,0,0,0,0,0,0,0,pegRNA_406
Reference,88.50574713,11.49425287,87,87,87,77,10,0,0,0,10,0,0,10,0,0,0,0,pegRNA_407
HDR,,,87,87,0,0,0,0,0,0,0,0,0,0,0,0,0,0,pegRNA_407
Reference,89.3442623,10.6557377,149,149,122,109,13,0,1,3,10,0,2,10,1,0,0,0,pegRNA_408
HDR,77.27272727,22.72727273,149,149,22,17,5,0,0,3,3,0,2,2,0,0,1,0,pegRNA_408
Reference,93.47826087,6.52173913,139,138,138,129,9,0,2,0,7,2,0,7,0,0,0,0,pegRNA_409
HDR,,,139,138,0,0,0,0,0,0,0,0,0,0,0,0,0,0,pegRNA_409
Reference,0.0,0.0,0,0,0,0,0,0,0,0,0,0,0,0,0,0,0,0,pegRNA_410
HDR,0.0,0.0,0,0,0,0,0,0,0,0,0,0,0,0,0,0,0,0,pegRNA_410
Reference,0.0,0.0,0,0,0,0,0,0,0,0,0,0,0,0,0,0,0,0,pegRNA_411
HDR,0.0,0.0,0,0,0,0,0,0,0,0,0,0,0,0,0,0,0,0,pegRNA_411
Reference,0.0,0.0,0,0,0,0,0,0,0,0,0,0,0,0,0,0,0,0,pegRNA_412
HDR,0.0,0.0,0,0,0,0,0,0,0,0,0,0,0,0,0,0,0,0,pegRNA_412
Reference,0.0,0.0,0,0,0,0,0,0,0,0,0,0,0,0,0,0,0,0,pegRNA_413
HDR,0.0,0.0,0,0,0,0,0,0,0,0,0,0,0,0,0,0,0,0,pegRNA_413
Reference,0.0,0.0,0,0,0,0,0,0,0,0,0,0,0,0,0,0,0,0,pegRNA_414
HDR,0.0,0.0,0,0,0,0,0,0,0,0,0,0,0,0,0,0,0,0,pegRNA_414
Reference,0.0,0.0,0,0,0,0,0,0,0,0,0,0,0,0,0,0,0,0,pegRNA_415
HDR,0.0,0.0,0,0,0,0,0,0,0,0,0,0,0,0,0,0,0,0,pegRNA_415
Reference,0.0,0.0,0,0,0,0,0,0,0,0,0,0,0,0,0,0,0,0,pegRNA_416
HDR,0.0,0.0,0,0,0,0,0,0,0,0,0,0,0,0,0,0,0,0,pegRNA_416
Reference,0.0,0.0,0,0,0,0,0,0,0,0,0,0,0,0,0,0,0,0,pegRNA_417
HDR,0.0,0.0,0,0,0,0,0,0,0,0,0,0,0,0,0,0,0,0,pegRNA_417
Reference,0.0,0.0,0,0,0,0,0,0,0,0,0,0,0,0,0,0,0,0,pegRNA_418
HDR,0.0,0.0,0,0,0,0,0,0,0,0,0,0,0,0,0,0,0,0,pegRNA_418
Reference,0.0,0.0,0,0,0,0,0,0,0,0,0,0,0,0,0,0,0,0,pegRNA_419
HDR,0.0,0.0,0,0,0,0,0,0,0,0,0,0,0,0,0,0,0,0,pegRNA_419
Reference,0.0,0.0,0,0,0,0,0,0,0,0,0,0,0,0,0,0,0,0,pegRNA_420
HDR,0.0,0.0,0,0,0,0,0,0,0,0,0,0,0,0,0,0,0,0,pegRNA_420
Reference,0.0,0.0,0,0,0,0,0,0,0,0,0,0,0,0,0,0,0,0,pegRNA_421
HDR,0.0,0.0,0,0,0,0,0,0,0,0,0,0,0,0,0,0,0,0,pegRNA_421
Reference,0.0,0.0,0,0,0,0,0,0,0,0,0,0,0,0,0,0,0,0,pegRNA_422
HDR,0.0,0.0,0,0,0,0,0,0,0,0,0,0,0,0,0,0,0,0,pegRNA_422
Reference,0.0,0.0,0,0,0,0,0,0,0,0,0,0,0,0,0,0,0,0,pegRNA_423
HDR,0.0,0.0,0,0,0,0,0,0,0,0,0,0,0,0,0,0,0,0,pegRNA_423
Reference,0.0,0.0,0,0,0,0,0,0,0,0,0,0,0,0,0,0,0,0,pegRNA_424
HDR,0.0,0.0,0,0,0,0,0,0,0,0,0,0,0,0,0,0,0,0,pegRNA_424
Reference,0.0,0.0,0,0,0,0,0,0,0,0,0,0,0,0,0,0,0,0,pegRNA_425
HDR,0.0,0.0,0,0,0,0,0,0,0,0,0,0,0,0,0,0,0,0,pegRNA_425
Reference,0.0,0.0,0,0,0,0,0,0,0,0,0,0,0,0,0,0,0,0,pegRNA_426
HDR,0.0,0.0,0,0,0,0,0,0,0,0,0,0,0,0,0,0,0,0,pegRNA_426
Reference,0.0,0.0,0,0,0,0,0,0,0,0,0,0,0,0,0,0,0,0,pegRNA_427
HDR,0.0,0.0,0,0,0,0,0,0,0,0,0,0,0,0,0,0,0,0,pegRNA_427
Reference,0.0,0.0,0,0,0,0,0,0,0,0,0,0,0,0,0,0,0,0,pegRNA_428
HDR,0.0,0.0,0,0,0,0,0,0,0,0,0,0,0,0,0,0,0,0,pegRNA_428
Reference,0.0,0.0,0,0,0,0,0,0,0,0,0,0,0,0,0,0,0,0,pegRNA_429
HDR,0.0,0.0,0,0,0,0,0,0,0,0,0,0,0,0,0,0,0,0,pegRNA_429
Reference,0.0,0.0,0,0,0,0,0,0,0,0,0,0,0,0,0,0,0,0,pegRNA_430
HDR,0.0,0.0,0,0,0,0,0,0,0,0,0,0,0,0,0,0,0,0,pegRNA_430
Reference,0.0,0.0,0,0,0,0,0,0,0,0,0,0,0,0,0,0,0,0,pegRNA_431
HDR,0.0,0.0,0,0,0,0,0,0,0,0,0,0,0,0,0,0,0,0,pegRNA_431
Reference,0.0,0.0,0,0,0,0,0,0,0,0,0,0,0,0,0,0,0,0,pegRNA_432
HDR,0.0,0.0,0,0,0,0,0,0,0,0,0,0,0,0,0,0,0,0,pegRNA_432
Reference,0.0,0.0,0,0,0,0,0,0,0,0,0,0,0,0,0,0,0,0,pegRNA_433
HDR,0.0,0.0,0,0,0,0,0,0,0,0,0,0,0,0,0,0,0,0,pegRNA_433
Reference,0.0,0.0,0,0,0,0,0,0,0,0,0,0,0,0,0,0,0,0,pegRNA_434
HDR,0.0,0.0,0,0,0,0,0,0,0,0,0,0,0,0,0,0,0,0,pegRNA_434
Reference,0.0,0.0,0,0,0,0,0,0,0,0,0,0,0,0,0,0,0,0,pegRNA_435
HDR,0.0,0.0,0,0,0,0,0,0,0,0,0,0,0,0,0,0,0,0,pegRNA_435
Reference,0.0,0.0,0,0,0,0,0,0,0,0,0,0,0,0,0,0,0,0,pegRNA_436
HDR,0.0,0.0,0,0,0,0,0,0,0,0,0,0,0,0,0,0,0,0,pegRNA_436
Reference,0.0,0.0,0,0,0,0,0,0,0,0,0,0,0,0,0,0,0,0,pegRNA_437
HDR,0.0,0.0,0,0,0,0,0,0,0,0,0,0,0,0,0,0,0,0,pegRNA_437
Reference,0.0,0.0,0,0,0,0,0,0,0,0,0,0,0,0,0,0,0,0,pegRNA_438
HDR,0.0,0.0,0,0,0,0,0,0,0,0,0,0,0,0,0,0,0,0,pegRNA_438
Reference,0.0,0.0,0,0,0,0,0,0,0,0,0,0,0,0,0,0,0,0,pegRNA_439
HDR,0.0,0.0,0,0,0,0,0,0,0,0,0,0,0,0,0,0,0,0,pegRNA_439
Reference,0.0,0.0,0,0,0,0,0,0,0,0,0,0,0,0,0,0,0,0,pegRNA_440
HDR,0.0,0.0,0,0,0,0,0,0,0,0,0,0,0,0,0,0,0,0,pegRNA_440
Reference,0.0,0.0,0,0,0,0,0,0,0,0,0,0,0,0,0,0,0,0,pegRNA_441
HDR,0.0,0.0,0,0,0,0,0,0,0,0,0,0,0,0,0,0,0,0,pegRNA_441
Reference,0.0,0.0,0,0,0,0,0,0,0,0,0,0,0,0,0,0,0,0,pegRNA_442
HDR,0.0,0.0,0,0,0,0,0,0,0,0,0,0,0,0,0,0,0,0,pegRNA_442
Reference,0.0,0.0,0,0,0,0,0,0,0,0,0,0,0,0,0,0,0,0,pegRNA_443
HDR,0.0,0.0,0,0,0,0,0,0,0,0,0,0,0,0,0,0,0,0,pegRNA_443
Reference,0.0,0.0,0,0,0,0,0,0,0,0,0,0,0,0,0,0,0,0,pegRNA_444
HDR,0.0,0.0,0,0,0,0,0,0,0,0,0,0,0,0,0,0,0,0,pegRNA_444
Reference,0.0,0.0,0,0,0,0,0,0,0,0,0,0,0,0,0,0,0,0,pegRNA_445
HDR,0.0,0.0,0,0,0,0,0,0,0,0,0,0,0,0,0,0,0,0,pegRNA_445
Reference,0.0,0.0,0,0,0,0,0,0,0,0,0,0,0,0,0,0,0,0,pegRNA_446
HDR,0.0,0.0,0,0,0,0,0,0,0,0,0,0,0,0,0,0,0,0,pegRNA_446
Reference,0.0,0.0,0,0,0,0,0,0,0,0,0,0,0,0,0,0,0,0,pegRNA_447
HDR,0.0,0.0,0,0,0,0,0,0,0,0,0,0,0,0,0,0,0,0,pegRNA_447
Reference,0.0,0.0,0,0,0,0,0,0,0,0,0,0,0,0,0,0,0,0,pegRNA_448
HDR,0.0,0.0,0,0,0,0,0,0,0,0,0,0,0,0,0,0,0,0,pegRNA_448
Reference,0.0,0.0,0,0,0,0,0,0,0,0,0,0,0,0,0,0,0,0,pegRNA_449
HDR,0.0,0.0,0,0,0,0,0,0,0,0,0,0,0,0,0,0,0,0,pegRNA_449
Reference,0.0,0.0,0,0,0,0,0,0,0,0,0,0,0,0,0,0,0,0,pegRNA_450
HDR,0.0,0.0,0,0,0,0,0,0,0,0,0,0,0,0,0,0,0,0,pegRNA_450
Reference,0.0,0.0,0,0,0,0,0,0,0,0,0,0,0,0,0,0,0,0,pegRNA_451
HDR,0.0,0.0,0,0,0,0,0,0,0,0,0,0,0,0,0,0,0,0,pegRNA_451
Reference,0.0,0.0,0,0,0,0,0,0,0,0,0,0,0,0,0,0,0,0,pegRNA_452
HDR,0.0,0.0,0,0,0,0,0,0,0,0,0,0,0,0,0,0,0,0,pegRNA_452
Reference,0.0,0.0,0,0,0,0,0,0,0,0,0,0,0,0,0,0,0,0,pegRNA_453
HDR,0.0,0.0,0,0,0,0,0,0,0,0,0,0,0,0,0,0,0,0,pegRNA_453
Reference,0.0,0.0,0,0,0,0,0,0,0,0,0,0,0,0,0,0,0,0,pegRNA_454
HDR,0.0,0.0,0,0,0,0,0,0,0,0,0,0,0,0,0,0,0,0,pegRNA_454
Reference,0.0,0.0,0,0,0,0,0,0,0,0,0,0,0,0,0,0,0,0,pegRNA_455
HDR,0.0,0.0,0,0,0,0,0,0,0,0,0,0,0,0,0,0,0,0,pegRNA_455
Reference,0.0,0.0,0,0,0,0,0,0,0,0,0,0,0,0,0,0,0,0,pegRNA_456
HDR,0.0,0.0,0,0,0,0,0,0,0,0,0,0,0,0,0,0,0,0,pegRNA_456
Reference,0.0,0.0,0,0,0,0,0,0,0,0,0,0,0,0,0,0,0,0,pegRNA_457
HDR,0.0,0.0,0,0,0,0,0,0,0,0,0,0,0,0,0,0,0,0,pegRNA_457
Reference,0.0,0.0,0,0,0,0,0,0,0,0,0,0,0,0,0,0,0,0,pegRNA_458
HDR,0.0,0.0,0,0,0,0,0,0,0,0,0,0,0,0,0,0,0,0,pegRNA_458
Reference,0.0,0.0,0,0,0,0,0,0,0,0,0,0,0,0,0,0,0,0,pegRNA_459
HDR,0.0,0.0,0,0,0,0,0,0,0,0,0,0,0,0,0,0,0,0,pegRNA_459
Reference,0.0,0.0,0,0,0,0,0,0,0,0,0,0,0,0,0,0,0,0,pegRNA_460
HDR,0.0,0.0,0,0,0,0,0,0,0,0,0,0,0,0,0,0,0,0,pegRNA_460
Reference,0.0,0.0,0,0,0,0,0,0,0,0,0,0,0,0,0,0,0,0,pegRNA_461
HDR,0.0,0.0,0,0,0,0,0,0,0,0,0,0,0,0,0,0,0,0,pegRNA_461
Reference,0.0,0.0,0,0,0,0,0,0,0,0,0,0,0,0,0,0,0,0,pegRNA_462
HDR,0.0,0.0,0,0,0,0,0,0,0,0,0,0,0,0,0,0,0,0,pegRNA_462
Reference,0.0,0.0,0,0,0,0,0,0,0,0,0,0,0,0,0,0,0,0,pegRNA_463
HDR,0.0,0.0,0,0,0,0,0,0,0,0,0,0,0,0,0,0,0,0,pegRNA_463
Reference,0.0,0.0,0,0,0,0,0,0,0,0,0,0,0,0,0,0,0,0,pegRNA_464
HDR,0.0,0.0,0,0,0,0,0,0,0,0,0,0,0,0,0,0,0,0,pegRNA_464
Reference,0.0,0.0,0,0,0,0,0,0,0,0,0,0,0,0,0,0,0,0,pegRNA_465
HDR,0.0,0.0,0,0,0,0,0,0,0,0,0,0,0,0,0,0,0,0,pegRNA_465
Reference,0.0,0.0,0,0,0,0,0,0,0,0,0,0,0,0,0,0,0,0,pegRNA_466
HDR,0.0,0.0,0,0,0,0,0,0,0,0,0,0,0,0,0,0,0,0,pegRNA_466
Reference,0.0,0.0,0,0,0,0,0,0,0,0,0,0,0,0,0,0,0,0,pegRNA_467
HDR,0.0,0.0,0,0,0,0,0,0,0,0,0,0,0,0,0,0,0,0,pegRNA_467
Reference,0.0,0.0,0,0,0,0,0,0,0,0,0,0,0,0,0,0,0,0,pegRNA_468
HDR,0.0,0.0,0,0,0,0,0,0,0,0,0,0,0,0,0,0,0,0,pegRNA_468
Reference,0.0,0.0,0,0,0,0,0,0,0,0,0,0,0,0,0,0,0,0,pegRNA_469
HDR,0.0,0.0,0,0,0,0,0,0,0,0,0,0,0,0,0,0,0,0,pegRNA_469
Reference,0.0,0.0,0,0,0,0,0,0,0,0,0,0,0,0,0,0,0,0,pegRNA_470
HDR,0.0,0.0,0,0,0,0,0,0,0,0,0,0,0,0,0,0,0,0,pegRNA_470
Reference,0.0,0.0,0,0,0,0,0,0,0,0,0,0,0,0,0,0,0,0,pegRNA_471
HDR,0.0,0.0,0,0,0,0,0,0,0,0,0,0,0,0,0,0,0,0,pegRNA_471
Reference,0.0,0.0,0,0,0,0,0,0,0,0,0,0,0,0,0,0,0,0,pegRNA_472
HDR,0.0,0.0,0,0,0,0,0,0,0,0,0,0,0,0,0,0,0,0,pegRNA_472
Reference,0.0,0.0,0,0,0,0,0,0,0,0,0,0,0,0,0,0,0,0,pegRNA_473
HDR,0.0,0.0,0,0,0,0,0,0,0,0,0,0,0,0,0,0,0,0,pegRNA_473
Reference,0.0,0.0,0,0,0,0,0,0,0,0,0,0,0,0,0,0,0,0,pegRNA_474
HDR,0.0,0.0,0,0,0,0,0,0,0,0,0,0,0,0,0,0,0,0,pegRNA_474
Reference,0.0,0.0,0,0,0,0,0,0,0,0,0,0,0,0,0,0,0,0,pegRNA_475
HDR,0.0,0.0,0,0,0,0,0,0,0,0,0,0,0,0,0,0,0,0,pegRNA_475
Reference,0.0,0.0,0,0,0,0,0,0,0,0,0,0,0,0,0,0,0,0,pegRNA_476
HDR,0.0,0.0,0,0,0,0,0,0,0,0,0,0,0,0,0,0,0,0,pegRNA_476
Reference,0.0,0.0,0,0,0,0,0,0,0,0,0,0,0,0,0,0,0,0,pegRNA_477
HDR,0.0,0.0,0,0,0,0,0,0,0,0,0,0,0,0,0,0,0,0,pegRNA_477
Reference,0.0,0.0,0,0,0,0,0,0,0,0,0,0,0,0,0,0,0,0,pegRNA_478
HDR,0.0,0.0,0,0,0,0,0,0,0,0,0,0,0,0,0,0,0,0,pegRNA_478
Reference,0.0,0.0,0,0,0,0,0,0,0,0,0,0,0,0,0,0,0,0,pegRNA_479
HDR,0.0,0.0,0,0,0,0,0,0,0,0,0,0,0,0,0,0,0,0,pegRNA_479
Reference,0.0,0.0,0,0,0,0,0,0,0,0,0,0,0,0,0,0,0,0,pegRNA_480
HDR,0.0,0.0,0,0,0,0,0,0,0,0,0,0,0,0,0,0,0,0,pegRNA_480
Reference,0.0,0.0,0,0,0,0,0,0,0,0,0,0,0,0,0,0,0,0,pegRNA_481
HDR,0.0,0.0,0,0,0,0,0,0,0,0,0,0,0,0,0,0,0,0,pegRNA_481
Reference,0.0,0.0,0,0,0,0,0,0,0,0,0,0,0,0,0,0,0,0,pegRNA_482
HDR,0.0,0.0,0,0,0,0,0,0,0,0,0,0,0,0,0,0,0,0,pegRNA_482
Reference,0.0,0.0,0,0,0,0,0,0,0,0,0,0,0,0,0,0,0,0,pegRNA_483
HDR,0.0,0.0,0,0,0,0,0,0,0,0,0,0,0,0,0,0,0,0,pegRNA_483
Reference,0.0,0.0,0,0,0,0,0,0,0,0,0,0,0,0,0,0,0,0,pegRNA_484
HDR,0.0,0.0,0,0,0,0,0,0,0,0,0,0,0,0,0,0,0,0,pegRNA_484
Reference,0.0,0.0,0,0,0,0,0,0,0,0,0,0,0,0,0,0,0,0,pegRNA_485
HDR,0.0,0.0,0,0,0,0,0,0,0,0,0,0,0,0,0,0,0,0,pegRNA_485
Reference,0.0,0.0,0,0,0,0,0,0,0,0,0,0,0,0,0,0,0,0,pegRNA_486
HDR,0.0,0.0,0,0,0,0,0,0,0,0,0,0,0,0,0,0,0,0,pegRNA_486
Reference,0.0,0.0,0,0,0,0,0,0,0,0,0,0,0,0,0,0,0,0,pegRNA_487
HDR,0.0,0.0,0,0,0,0,0,0,0,0,0,0,0,0,0,0,0,0,pegRNA_487
Reference,0.0,0.0,0,0,0,0,0,0,0,0,0,0,0,0,0,0,0,0,pegRNA_488
HDR,0.0,0.0,0,0,0,0,0,0,0,0,0,0,0,0,0,0,0,0,pegRNA_488
Reference,0.0,0.0,0,0,0,0,0,0,0,0,0,0,0,0,0,0,0,0,pegRNA_489
HDR,0.0,0.0,0,0,0,0,0,0,0,0,0,0,0,0,0,0,0,0,pegRNA_489
Reference,0.0,0.0,0,0,0,0,0,0,0,0,0,0,0,0,0,0,0,0,pegRNA_490
HDR,0.0,0.0,0,0,0,0,0,0,0,0,0,0,0,0,0,0,0,0,pegRNA_490
Reference,0.0,0.0,0,0,0,0,0,0,0,0,0,0,0,0,0,0,0,0,pegRNA_491
HDR,0.0,0.0,0,0,0,0,0,0,0,0,0,0,0,0,0,0,0,0,pegRNA_491
Reference,0.0,0.0,0,0,0,0,0,0,0,0,0,0,0,0,0,0,0,0,pegRNA_492
HDR,0.0,0.0,0,0,0,0,0,0,0,0,0,0,0,0,0,0,0,0,pegRNA_492
Reference,0.0,0.0,0,0,0,0,0,0,0,0,0,0,0,0,0,0,0,0,pegRNA_493
HDR,0.0,0.0,0,0,0,0,0,0,0,0,0,0,0,0,0,0,0,0,pegRNA_493
Reference,0.0,0.0,0,0,0,0,0,0,0,0,0,0,0,0,0,0,0,0,pegRNA_494
HDR,0.0,0.0,0,0,0,0,0,0,0,0,0,0,0,0,0,0,0,0,pegRNA_494
Reference,0.0,0.0,0,0,0,0,0,0,0,0,0,0,0,0,0,0,0,0,pegRNA_495
HDR,0.0,0.0,0,0,0,0,0,0,0,0,0,0,0,0,0,0,0,0,pegRNA_495
Reference,0.0,0.0,0,0,0,0,0,0,0,0,0,0,0,0,0,0,0,0,pegRNA_496
HDR,0.0,0.0,0,0,0,0,0,0,0,0,0,0,0,0,0,0,0,0,pegRNA_496
Reference,0.0,0.0,0,0,0,0,0,0,0,0,0,0,0,0,0,0,0,0,pegRNA_497
HDR,0.0,0.0,0,0,0,0,0,0,0,0,0,0,0,0,0,0,0,0,pegRNA_497
Reference,0.0,0.0,0,0,0,0,0,0,0,0,0,0,0,0,0,0,0,0,pegRNA_498
HDR,0.0,0.0,0,0,0,0,0,0,0,0,0,0,0,0,0,0,0,0,pegRNA_498
Reference,0.0,0.0,0,0,0,0,0,0,0,0,0,0,0,0,0,0,0,0,pegRNA_499
HDR,0.0,0.0,0,0,0,0,0,0,0,0,0,0,0,0,0,0,0,0,pegRNA_499
Reference,0.0,0.0,0,0,0,0,0,0,0,0,0,0,0,0,0,0,0,0,pegRNA_500
HDR,0.0,0.0,0,0,0,0,0,0,0,0,0,0,0,0,0,0,0,0,pegRNA_500
